Workbook
Name allQAs: Variables!$C$2:$C$131
Name qaStatus: Variables!$G$2:$G$1048576
Name process: Variables!$M$2:$M$1048576
Name env: Variables!$I$2:$I$1048576
Name atTesters: Variables!$E$2:$E$1048576
Name allTesters: Variables!$A$2:$A$134
Name pageStatus: Variables!$K$2:$K$1048576
Name envStatus: Variables!$Y$2:$Y$13
Name projectStatus: Variables!$O$2:$O$1048576
Name userImpact: Variables!$U$2:$U$1048576
Name devStatus: Variables!$S$2:$S$1048576
Name testerStatus: Variables!$Q$2:$Q$1048576

Sheet Overview
E2: Audit Performed For | F2: Example name | J2: Operating system | K2: Browser | L2: Assistive technologies | M2: Automated tools | O2: *Important note
E3: Audit Type | F3: Website/Mobile App | J3: Windows 11 | K3: Chrome | L3: JAWS 2024 | M3: Wave, ARC toolkit, CCA | O3: ="1. The web asset has been audited in its present condition and Quality Assured by IAAP certified auditor. As per our offer and initial scope, the comprehensive report covers issues / bugs that have been found during the audit as on " & TEXT(TODAY(),"mmmm d, yyyy") & "." -> 1. The web asset has been audited in its present condition and Quality Assured by IAAP certified auditor. As per our offer and initial scope, the comprehensive report covers issues / bugs that have been found during the audit as on March 18, 2026.
E4: Audit Performed By | F4: Sakshi Infotech Solutions LLP | J4: Windows 11 | K4: Firefox | L4: NVDA | M4: Wave, ARC toolkit, CCA
E5: IAAP-Certified Auditor | F5: Sangam Nishad | J5: Windows 11 | K5: Chrome | L5: ZoomText and Dragon NaturalSpeaking | M5: N/A
E6: Audit Date | F6: =TODAY() -> 46099 | J6: MacOS | K6: Safari | L6: VoiceOver | M6: Wave, ARC toolkit, CCA | O6: 2. Till such time that the VPAT (Voluntary Product Accessibility Template) of this asset is not released, there should be no changes made to the asset in the form of enhancements and modifications to its underlying codebase, system configuration, infrastructure, accessibility settings, or any associated documentation. Changes if any carried out within this asset will tantamount to re-scope and re-work on the asset. Changes to the web asset will effect the Accessibility Conformance Report (ACR) are without risk and responsibility of the IAAP audit report.
J7: Android OS | K7: Chrome | L7: TalkBack | M7: Accessbility Scanner
J8: Iphone OS | K8: Safari | L8: VoiceOver | M8: Accessbility Checker
E10: WCAG 2.2 Conformance | F10: Level A | G10: Level AA | H10: Total | J10: Top 5 Issues
E11: Passed/NA | F11: =F13-F12 -> 32 | G11: =G13-G12 -> 24 | H11: =SUM(F11:G11) -> 56 | J11: Sr. no. | K11: Issues Name | M11: Success Criteria
E12: Failed | F12: =COUNTIFS('Conformance Score'!C:C, "A", 'Conformance Score'!E:E, ">0") -> 0 | G12: =COUNTIFS('Conformance Score'!C:C, "AA", 'Conformance Score'!E:E, ">0") -> 0 | H12: =SUM(F12:G12) -> 0 | J12: 1 | K12: =IFERROR(__xludf.DUMMYFUNCTION("ARRAY_CONSTRAIN( ARRAYFORMULA( LET( data, FILTER( { 'Final Report'!D2:D1000, 'Final Report'!N2:N1000, 'Final Report'!L2:L1000, 'Final Report'!P2:P1000 }, 'Fi"&"nal Report'!L2:L1000<>"""", 'Final Report'!P2:P1000<>"""" ), sorted, SORT( data, 4, TRUE, 3, TRUE ), uniqueSC, UNIQUE(INDEX(sorted,,2)), thisSC, IFERROR(I"&"NDEX(uniqueSC,1),""""), pos, IF(thisSC="""","""", MATCH(thisSC, INDEX(sorted,,2), 0)), IF( thisSC="""", """", INDEX(sorted, pos, 1) ) ) ), 1, 1 ) "),"") | M12: =IFERROR(__xludf.DUMMYFUNCTION("ARRAY_CONSTRAIN( ARRAYFORMULA( LET( data, FILTER( { 'Final Report'!D2:D1000, 'Final Report'!N2:N1000, 'Final Report'!L2:L1000, 'Final Report'!P2:P1000 }, 'Fi"&"nal Report'!L2:L1000<>"""", 'Final Report'!P2:P1000<>"""" ), sorted, SORT( data, 4, TRUE, 3, TRUE ), uniqueSC, UNIQUE(INDEX(sorted,,2)), IFERROR(INDEX(uniqueSC, 1), "&""""") ) ), 1, 1 ) "),"")
E13: Total | F13: 32 | G13: 24 | H13: =SUM(H11:H12) -> 56 | J13: 2 | K13: =IFERROR(__xludf.DUMMYFUNCTION("ARRAY_CONSTRAIN( ARRAYFORMULA( LET( data, FILTER( { 'Final Report'!D2:D1000, 'Final Report'!N2:N1000, 'Final Report'!L2:L1000, 'Final Report'!P2:P1000 }, 'Fi"&"nal Report'!L2:L1000<>"""", 'Final Report'!P2:P1000<>"""" ), sorted, SORT( data, 4, TRUE, 3, TRUE ), uniqueSC, UNIQUE(INDEX(sorted,,2)), thisSC, IFERROR(I"&"NDEX(uniqueSC, 2), """"), pos, IF(thisSC="""", """", MATCH(thisSC, INDEX(sorted,,2), 0)), IF( thisSC="""", """", INDEX(sorted, pos, 1) ) ) ), 1, 1 ) "),"") | M13: =IFERROR(__xludf.DUMMYFUNCTION("ARRAY_CONSTRAIN( ARRAYFORMULA( LET( data, FILTER( { 'Final Report'!D2:D1000, 'Final Report'!N2:N1000, 'Final Report'!L2:L1000, 'Final Report'!P2:P1000 }, 'Fi"&"nal Report'!L2:L1000<>"""", 'Final Report'!P2:P1000<>"""" ), sorted, SORT( data, 4, TRUE, 3, TRUE ), uniqueSC, UNIQUE(INDEX(sorted,,2)), IFERROR(INDEX(uniqueSC, 2), "&""""") ) ), 1, 1 ) "),"") | O13: 3. Incase there is a requirement to make modifications to asset being tested, separate request needs to addressed via email. After scoping and agreement in pricing, the additional pages will be tested and included in the overall VPAT report.
J14: 3 | K14: =IFERROR(__xludf.DUMMYFUNCTION("ARRAY_CONSTRAIN( ARRAYFORMULA( LET( data, FILTER( { 'Final Report'!D2:D1000, 'Final Report'!N2:N1000, 'Final Report'!L2:L1000, 'Final Report'!P2:P1000 }, 'Fi"&"nal Report'!L2:L1000<>"""", 'Final Report'!P2:P1000<>"""" ), sorted, SORT( data, 4, TRUE, 3, TRUE ), uniqueSC, UNIQUE(INDEX(sorted,,2)), thisSC, IFERROR(INDE"&"X(uniqueSC, 3), """"), pos, IF(thisSC="""", """", MATCH(thisSC, INDEX(sorted,,2), 0)), IF( thisSC="""", """", INDEX(sorted, pos, 1) ) ) ), 1, 1 ) "),"") | M14: =IFERROR(__xludf.DUMMYFUNCTION("ARRAY_CONSTRAIN( ARRAYFORMULA( LET( data, FILTER( { 'Final Report'!D2:D1000, 'Final Report'!N2:N1000, 'Final Report'!L2:L1000, 'Final Report'!P2:P1000 }, 'Fi"&"nal Report'!L2:L1000<>"""", 'Final Report'!P2:P1000<>"""" ), sorted, SORT( data, 4, TRUE, 3, TRUE ), uniqueSC, UNIQUE(INDEX(sorted,,2)), IFERROR(INDEX(uniqueSC, 3), "&""""") ) ), 1, 1 ) "),"")
B15: =IFERROR(__xludf.DUMMYFUNCTION("{ ""Users Affected"",""Issue counts""; IFERROR( QUERY( FILTER( TRIM(FLATTEN(SPLIT( TEXTJOIN(""|"", TRUE, ARRAYFORMULA( IF('Final Report'!M2:M1000<>"""", REGEXREPLACE('Final Report"&"'!M2:M1000, "",\s*"", ""|""), """" ) ) ), ""|"" ))), TRIM(FLATTEN(SPLIT( TEXTJOIN(""|"", TRUE, ARRAYFORMULA( IF('Final Report'!M2:M1000<>"""&""", REGEXREPLACE('Final Report'!M2:M1000, "",\s*"", ""|""), """" ) ) ), ""|"" ))) <> """" ), ""select Col1, count(Col1) group by Col1 order b"&"y count(Col1) desc label Col1 '', count(Col1) ''"", 0 ), {""No disabilities affected"",0} ) }"),"Users Affected") -> Users Affected | C15: =IFERROR(__xludf.DUMMYFUNCTION("""COMPUTED_VALUE"""),"Issue counts") -> Issue counts | J15: 4 | K15: =IFERROR(__xludf.DUMMYFUNCTION("ARRAY_CONSTRAIN( ARRAYFORMULA( LET( data, FILTER( { 'Final Report'!D2:D1000, 'Final Report'!N2:N1000, 'Final Report'!L2:L1000, 'Final Report'!P2:P1000 }, 'Fi"&"nal Report'!L2:L1000<>"""", 'Final Report'!P2:P1000<>"""" ), sorted, SORT( data, 4, TRUE, 3, TRUE ), uniqueSC, UNIQUE(INDEX(sorted,,2)), thisSC, IFERROR(INDE"&"X(uniqueSC, 4), """"), pos, IF(thisSC="""", """", MATCH(thisSC, INDEX(sorted,,2), 0)), IF( thisSC="""", """", INDEX(sorted, pos, 1) ) ) ), 1, 1 ) "),"") | M15: =IFERROR(__xludf.DUMMYFUNCTION("ARRAY_CONSTRAIN( ARRAYFORMULA( LET( data, FILTER( { 'Final Report'!D2:D1000, 'Final Report'!N2:N1000, 'Final Report'!L2:L1000, 'Final Report'!P2:P1000 }, 'Fi"&"nal Report'!L2:L1000<>"""", 'Final Report'!P2:P1000<>"""" ), sorted, SORT( data, 4, TRUE, 3, TRUE ), uniqueSC, UNIQUE(INDEX(sorted,,2)), IFERROR(INDEX(uniqueSC, 4), "&""""") ) ), 1, 1 ) "),"")
B16: =IFERROR(__xludf.DUMMYFUNCTION("""COMPUTED_VALUE"""),"No disabilities affected") -> No disabilities affected | C16: =IFERROR(__xludf.DUMMYFUNCTION("""COMPUTED_VALUE"""),0.0) -> 0 | J16: 5 | K16: =IFERROR(__xludf.DUMMYFUNCTION("ARRAY_CONSTRAIN( ARRAYFORMULA( LET( data, FILTER( { 'Final Report'!D2:D1000, 'Final Report'!N2:N1000, 'Final Report'!L2:L1000, 'Final Report'!P2:P1000 }, 'Fi"&"nal Report'!L2:L1000<>"""", 'Final Report'!P2:P1000<>"""" ), sorted, SORT( data, 4, TRUE, 3, TRUE ), uniqueSC, UNIQUE(INDEX(sorted,,2)), thisSC, IFERROR(INDE"&"X(uniqueSC, 5), """"), pos, IF(thisSC="""", """", MATCH(thisSC, INDEX(sorted,,2), 0)), IF( thisSC="""", """", INDEX(sorted, pos, 1) ) ) ), 1, 1 ) "),"") | M16: =IFERROR(__xludf.DUMMYFUNCTION("ARRAY_CONSTRAIN( ARRAYFORMULA( LET( data, FILTER( { 'Final Report'!D2:D1000, 'Final Report'!N2:N1000, 'Final Report'!L2:L1000, 'Final Report'!P2:P1000 }, 'Fi"&"nal Report'!L2:L1000<>"""", 'Final Report'!P2:P1000<>"""" ), sorted, SORT( data, 4, TRUE, 3, TRUE ), uniqueSC, UNIQUE(INDEX(sorted,,2)), IFERROR(INDEX(uniqueSC, 5), "&""""") ) ), 1, 1 ) "),"") | O16: 4. For the purpose of remediation, the Implementation Officer/Engineer/Developer is required to adhere to all recommendations provided by our certified experts to ensure compliance.
O19: ="5. The VPAT/ACR report will be issued based on the remediation of the initial assessment report dated " & TEXT(TODAY(),"mmmm d, yyyy") & "." -> 5. The VPAT/ACR report will be issued based on the remediation of the initial assessment report dated March 18, 2026.
O23: =IFERROR(__xludf.DUMMYFUNCTION("QUERY('Final Report'!L2:L1000, ""select L, count(L) where L is not null group by L label L 'Severity', count(L) 'Issue Count'"", 0) "),"Severity") -> Severity | P23: =IFERROR(__xludf.DUMMYFUNCTION("""COMPUTED_VALUE"""),"Issue Count") -> Issue Count
B28: Resource Name | C28: Resource Type
B29: Roshani Rathod | C29: Standard Tester
B30: Harshada Yadav | C30: Standard Tester
B31: Aditya Mankar | C31: Assistive Technology Tester
B32: Aarti Thombare | C32: Quality Assurance (QA)

Sheet URL Details
A1: Page No. | B1: Page Name | C1: Unique URLs | D1: Grouped URLs | E1: Rows | F1: AT Testers | G1: Tester names | H1: QA name | I1: Notes | J1: Status | K1: Environment
A2: G1 | B2: Global | C2: On All pages | D2: On All Pages | E2: 2-30
A3: P01 | D3: =IFERROR(__xludf.DUMMYFUNCTION("IF(A3="""","""", IFERROR(TEXTJOIN("", ""&CHAR(10), TRUE, FILTER('All URLs'!A2:A500, 'All URLs'!B2:B500=A3, 'All URLs'!A2:A500<>"""") ),"""") ) "),"") | E3: 31-60
A4: P02 | D4: =IFERROR(__xludf.DUMMYFUNCTION("IF(A4="""","""", IFERROR(TEXTJOIN("", ""&CHAR(10), TRUE, FILTER('All URLs'!A3:A501, 'All URLs'!B3:B501=A4, 'All URLs'!A3:A501<>"""") ),"""") ) "),"") | E4: 61-90
A5: P03 | D5: =IFERROR(__xludf.DUMMYFUNCTION("IF(A5="""","""", IFERROR(TEXTJOIN("", ""&CHAR(10), TRUE, FILTER('All URLs'!A4:A502, 'All URLs'!B4:B502=A5, 'All URLs'!A4:A502<>"""") ),"""") ) "),"") | E5: 91-120
A6: P04 | D6: =IFERROR(__xludf.DUMMYFUNCTION("IF(A6="""","""", IFERROR(TEXTJOIN("", ""&CHAR(10), TRUE, FILTER('All URLs'!A5:A503, 'All URLs'!B5:B503=A6, 'All URLs'!A5:A503<>"""") ),"""") ) "),"") | E6: 121-150
A7: P05 | D7: =IFERROR(__xludf.DUMMYFUNCTION("IF(A7="""","""", IFERROR(TEXTJOIN("", ""&CHAR(10), TRUE, FILTER('All URLs'!A6:A504, 'All URLs'!B6:B504=A7, 'All URLs'!A6:A504<>"""") ),"""") ) "),"") | E7: 151-180
A8: P06 | D8: =IFERROR(__xludf.DUMMYFUNCTION("IF(A8="""","""", IFERROR(TEXTJOIN("", ""&CHAR(10), TRUE, FILTER('All URLs'!A7:A505, 'All URLs'!B7:B505=A8, 'All URLs'!A7:A505<>"""") ),"""") ) "),"") | E8: 181-210
A9: P07 | D9: =IFERROR(__xludf.DUMMYFUNCTION("IF(A9="""","""", IFERROR(TEXTJOIN("", ""&CHAR(10), TRUE, FILTER('All URLs'!A8:A506, 'All URLs'!B8:B506=A9, 'All URLs'!A8:A506<>"""") ),"""") ) "),"") | E9: 211-240
A10: P08 | D10: =IFERROR(__xludf.DUMMYFUNCTION("IF(A10="""","""", IFERROR(TEXTJOIN("", ""&CHAR(10), TRUE, FILTER('All URLs'!A9:A507, 'All URLs'!B9:B507=A10, 'All URLs'!A9:A507<>"""") ),"""") ) "),"") | E10: 241-270
A11: P09 | D11: =IFERROR(__xludf.DUMMYFUNCTION("IF(A11="""","""", IFERROR(TEXTJOIN("", ""&CHAR(10), TRUE, FILTER('All URLs'!A10:A508, 'All URLs'!B10:B508=A11, 'All URLs'!A10:A508<>"""") ),"""") ) "),"") | E11: 271-300
A12: P10 | D12: =IFERROR(__xludf.DUMMYFUNCTION("IF(A12="""","""", IFERROR(TEXTJOIN("", ""&CHAR(10), TRUE, FILTER('All URLs'!A11:A509, 'All URLs'!B11:B509=A12, 'All URLs'!A11:A509<>"""") ),"""") ) "),"") | E12: 301-330
A13: P11 | D13: =IFERROR(__xludf.DUMMYFUNCTION("IF(A13="""","""", IFERROR(TEXTJOIN("", ""&CHAR(10), TRUE, FILTER('All URLs'!A12:A510, 'All URLs'!B12:B510=A13, 'All URLs'!A12:A510<>"""") ),"""") ) "),"") | E13: 331-360
A14: P12 | D14: =IFERROR(__xludf.DUMMYFUNCTION("IF(A14="""","""", IFERROR(TEXTJOIN("", ""&CHAR(10), TRUE, FILTER('All URLs'!A13:A511, 'All URLs'!B13:B511=A14, 'All URLs'!A13:A511<>"""") ),"""") ) "),"") | E14: 361-390
A15: P13 | D15: =IFERROR(__xludf.DUMMYFUNCTION("IF(A15="""","""", IFERROR(TEXTJOIN("", ""&CHAR(10), TRUE, FILTER('All URLs'!A14:A512, 'All URLs'!B14:B512=A15, 'All URLs'!A14:A512<>"""") ),"""") ) "),"") | E15: 391-420
A16: P14 | D16: =IFERROR(__xludf.DUMMYFUNCTION("IF(A16="""","""", IFERROR(TEXTJOIN("", ""&CHAR(10), TRUE, FILTER('All URLs'!A15:A513, 'All URLs'!B15:B513=A16, 'All URLs'!A15:A513<>"""") ),"""") ) "),"") | E16: 421-450
A17: P15 | D17: =IFERROR(__xludf.DUMMYFUNCTION("IF(A17="""","""", IFERROR(TEXTJOIN("", ""&CHAR(10), TRUE, FILTER('All URLs'!A16:A514, 'All URLs'!B16:B514=A17, 'All URLs'!A16:A514<>"""") ),"""") ) "),"") | E17: 451-480
A18: P16 | D18: =IFERROR(__xludf.DUMMYFUNCTION("IF(A18="""","""", IFERROR(TEXTJOIN("", ""&CHAR(10), TRUE, FILTER('All URLs'!A17:A515, 'All URLs'!B17:B515=A18, 'All URLs'!A17:A515<>"""") ),"""") ) "),"") | E18: 481-510
A19: P17 | D19: =IFERROR(__xludf.DUMMYFUNCTION("IF(A19="""","""", IFERROR(TEXTJOIN("", ""&CHAR(10), TRUE, FILTER('All URLs'!A18:A516, 'All URLs'!B18:B516=A19, 'All URLs'!A18:A516<>"""") ),"""") ) "),"") | E19: 511-540
A20: P18 | D20: =IFERROR(__xludf.DUMMYFUNCTION("IF(A20="""","""", IFERROR(TEXTJOIN("", ""&CHAR(10), TRUE, FILTER('All URLs'!A19:A517, 'All URLs'!B19:B517=A20, 'All URLs'!A19:A517<>"""") ),"""") ) "),"") | E20: 541-570
A21: P19 | D21: =IFERROR(__xludf.DUMMYFUNCTION("IF(A21="""","""", IFERROR(TEXTJOIN("", ""&CHAR(10), TRUE, FILTER('All URLs'!A20:A518, 'All URLs'!B20:B518=A21, 'All URLs'!A20:A518<>"""") ),"""") ) "),"") | E21: 571-600
A22: P20 | D22: =IFERROR(__xludf.DUMMYFUNCTION("IF(A22="""","""", IFERROR(TEXTJOIN("", ""&CHAR(10), TRUE, FILTER('All URLs'!A21:A519, 'All URLs'!B21:B519=A22, 'All URLs'!A21:A519<>"""") ),"""") ) "),"") | E22: 601-630
A23: P21 | D23: =IFERROR(__xludf.DUMMYFUNCTION("IF(A23="""","""", IFERROR(TEXTJOIN("", ""&CHAR(10), TRUE, FILTER('All URLs'!A22:A520, 'All URLs'!B22:B520=A23, 'All URLs'!A22:A520<>"""") ),"""") ) "),"") | E23: 631-660
A24: P22 | D24: =IFERROR(__xludf.DUMMYFUNCTION("IF(A24="""","""", IFERROR(TEXTJOIN("", ""&CHAR(10), TRUE, FILTER('All URLs'!A23:A521, 'All URLs'!B23:B521=A24, 'All URLs'!A23:A521<>"""") ),"""") ) "),"") | E24: 661-690
A25: P23 | D25: =IFERROR(__xludf.DUMMYFUNCTION("IF(A25="""","""", IFERROR(TEXTJOIN("", ""&CHAR(10), TRUE, FILTER('All URLs'!A24:A522, 'All URLs'!B24:B522=A25, 'All URLs'!A24:A522<>"""") ),"""") ) "),"") | E25: 691-720
A26: P24 | D26: =IFERROR(__xludf.DUMMYFUNCTION("IF(A26="""","""", IFERROR(TEXTJOIN("", ""&CHAR(10), TRUE, FILTER('All URLs'!A25:A523, 'All URLs'!B25:B523=A26, 'All URLs'!A25:A523<>"""") ),"""") ) "),"") | E26: 721-750
A27: P25 | D27: =IFERROR(__xludf.DUMMYFUNCTION("IF(A27="""","""", IFERROR(TEXTJOIN("", ""&CHAR(10), TRUE, FILTER('All URLs'!A26:A524, 'All URLs'!B26:B524=A27, 'All URLs'!A26:A524<>"""") ),"""") ) "),"") | E27: 751-780
A28: P26 | D28: =IFERROR(__xludf.DUMMYFUNCTION("IF(A28="""","""", IFERROR(TEXTJOIN("", ""&CHAR(10), TRUE, FILTER('All URLs'!A27:A525, 'All URLs'!B27:B525=A28, 'All URLs'!A27:A525<>"""") ),"""") ) "),"")
A29: P27 | D29: =IFERROR(__xludf.DUMMYFUNCTION("IF(A29="""","""", IFERROR(TEXTJOIN("", ""&CHAR(10), TRUE, FILTER('All URLs'!A28:A526, 'All URLs'!B28:B526=A29, 'All URLs'!A28:A526<>"""") ),"""") ) "),"")
A30: P28 | D30: =IFERROR(__xludf.DUMMYFUNCTION("IF(A30="""","""", IFERROR(TEXTJOIN("", ""&CHAR(10), TRUE, FILTER('All URLs'!A29:A527, 'All URLs'!B29:B527=A30, 'All URLs'!A29:A527<>"""") ),"""") ) "),"")
A31: P29 | D31: =IFERROR(__xludf.DUMMYFUNCTION("IF(A31="""","""", IFERROR(TEXTJOIN("", ""&CHAR(10), TRUE, FILTER('All URLs'!A30:A528, 'All URLs'!B30:B528=A31, 'All URLs'!A30:A528<>"""") ),"""") ) "),"")
A32: P30 | D32: =IFERROR(__xludf.DUMMYFUNCTION("IF(A32="""","""", IFERROR(TEXTJOIN("", ""&CHAR(10), TRUE, FILTER('All URLs'!A31:A529, 'All URLs'!B31:B529=A32, 'All URLs'!A31:A529<>"""") ),"""") ) "),"")
A33: P31 | D33: =IFERROR(__xludf.DUMMYFUNCTION("IF(A33="""","""", IFERROR(TEXTJOIN("", ""&CHAR(10), TRUE, FILTER('All URLs'!A32:A530, 'All URLs'!B32:B530=A33, 'All URLs'!A32:A530<>"""") ),"""") ) "),"")
A34: P32 | D34: =IFERROR(__xludf.DUMMYFUNCTION("IF(A34="""","""", IFERROR(TEXTJOIN("", ""&CHAR(10), TRUE, FILTER('All URLs'!A33:A531, 'All URLs'!B33:B531=A34, 'All URLs'!A33:A531<>"""") ),"""") ) "),"")
A35: P33 | D35: =IFERROR(__xludf.DUMMYFUNCTION("IF(A35="""","""", IFERROR(TEXTJOIN("", ""&CHAR(10), TRUE, FILTER('All URLs'!A34:A532, 'All URLs'!B34:B532=A35, 'All URLs'!A34:A532<>"""") ),"""") ) "),"")
A36: P34 | D36: =IFERROR(__xludf.DUMMYFUNCTION("IF(A36="""","""", IFERROR(TEXTJOIN("", ""&CHAR(10), TRUE, FILTER('All URLs'!A35:A533, 'All URLs'!B35:B533=A36, 'All URLs'!A35:A533<>"""") ),"""") ) "),"")
A37: P35 | D37: =IFERROR(__xludf.DUMMYFUNCTION("IF(A37="""","""", IFERROR(TEXTJOIN("", ""&CHAR(10), TRUE, FILTER('All URLs'!A36:A534, 'All URLs'!B36:B534=A37, 'All URLs'!A36:A534<>"""") ),"""") ) "),"")
A38: P36 | D38: =IFERROR(__xludf.DUMMYFUNCTION("IF(A38="""","""", IFERROR(TEXTJOIN("", ""&CHAR(10), TRUE, FILTER('All URLs'!A37:A535, 'All URLs'!B37:B535=A38, 'All URLs'!A37:A535<>"""") ),"""") ) "),"")
A39: P37 | D39: =IFERROR(__xludf.DUMMYFUNCTION("IF(A39="""","""", IFERROR(TEXTJOIN("", ""&CHAR(10), TRUE, FILTER('All URLs'!A38:A536, 'All URLs'!B38:B536=A39, 'All URLs'!A38:A536<>"""") ),"""") ) "),"")
A40: P38 | D40: =IFERROR(__xludf.DUMMYFUNCTION("IF(A40="""","""", IFERROR(TEXTJOIN("", ""&CHAR(10), TRUE, FILTER('All URLs'!A39:A537, 'All URLs'!B39:B537=A40, 'All URLs'!A39:A537<>"""") ),"""") ) "),"")
A41: P39 | D41: =IFERROR(__xludf.DUMMYFUNCTION("IF(A41="""","""", IFERROR(TEXTJOIN("", ""&CHAR(10), TRUE, FILTER('All URLs'!A40:A538, 'All URLs'!B40:B538=A41, 'All URLs'!A40:A538<>"""") ),"""") ) "),"")
A42: P40 | D42: =IFERROR(__xludf.DUMMYFUNCTION("IF(A42="""","""", IFERROR(TEXTJOIN("", ""&CHAR(10), TRUE, FILTER('All URLs'!A41:A539, 'All URLs'!B41:B539=A42, 'All URLs'!A41:A539<>"""") ),"""") ) "),"")
A43: P41 | D43: =IFERROR(__xludf.DUMMYFUNCTION("IF(A43="""","""", IFERROR(TEXTJOIN("", ""&CHAR(10), TRUE, FILTER('All URLs'!A42:A540, 'All URLs'!B42:B540=A43, 'All URLs'!A42:A540<>"""") ),"""") ) "),"")
A44: P42 | D44: =IFERROR(__xludf.DUMMYFUNCTION("IF(A44="""","""", IFERROR(TEXTJOIN("", ""&CHAR(10), TRUE, FILTER('All URLs'!A43:A541, 'All URLs'!B43:B541=A44, 'All URLs'!A43:A541<>"""") ),"""") ) "),"")
A45: P43 | D45: =IFERROR(__xludf.DUMMYFUNCTION("IF(A45="""","""", IFERROR(TEXTJOIN("", ""&CHAR(10), TRUE, FILTER('All URLs'!A44:A542, 'All URLs'!B44:B542=A45, 'All URLs'!A44:A542<>"""") ),"""") ) "),"")
A46: P44 | D46: =IFERROR(__xludf.DUMMYFUNCTION("IF(A46="""","""", IFERROR(TEXTJOIN("", ""&CHAR(10), TRUE, FILTER('All URLs'!A45:A543, 'All URLs'!B45:B543=A46, 'All URLs'!A45:A543<>"""") ),"""") ) "),"")
A47: P45 | D47: =IFERROR(__xludf.DUMMYFUNCTION("IF(A47="""","""", IFERROR(TEXTJOIN("", ""&CHAR(10), TRUE, FILTER('All URLs'!A46:A544, 'All URLs'!B46:B544=A47, 'All URLs'!A46:A544<>"""") ),"""") ) "),"")
A48: P46 | D48: =IFERROR(__xludf.DUMMYFUNCTION("IF(A48="""","""", IFERROR(TEXTJOIN("", ""&CHAR(10), TRUE, FILTER('All URLs'!A47:A545, 'All URLs'!B47:B545=A48, 'All URLs'!A47:A545<>"""") ),"""") ) "),"")
A49: P47 | D49: =IFERROR(__xludf.DUMMYFUNCTION("IF(A49="""","""", IFERROR(TEXTJOIN("", ""&CHAR(10), TRUE, FILTER('All URLs'!A48:A546, 'All URLs'!B48:B546=A49, 'All URLs'!A48:A546<>"""") ),"""") ) "),"")
A50: P48 | D50: =IFERROR(__xludf.DUMMYFUNCTION("IF(A50="""","""", IFERROR(TEXTJOIN("", ""&CHAR(10), TRUE, FILTER('All URLs'!A49:A547, 'All URLs'!B49:B547=A50, 'All URLs'!A49:A547<>"""") ),"""") ) "),"")
A51: P49 | D51: =IFERROR(__xludf.DUMMYFUNCTION("IF(A51="""","""", IFERROR(TEXTJOIN("", ""&CHAR(10), TRUE, FILTER('All URLs'!A50:A548, 'All URLs'!B50:B548=A51, 'All URLs'!A50:A548<>"""") ),"""") ) "),"")
A52: P50 | D52: =IFERROR(__xludf.DUMMYFUNCTION("IF(A52="""","""", IFERROR(TEXTJOIN("", ""&CHAR(10), TRUE, FILTER('All URLs'!A51:A549, 'All URLs'!B51:B549=A52, 'All URLs'!A51:A549<>"""") ),"""") ) "),"")
D53: =IFERROR(__xludf.DUMMYFUNCTION("IF(A53="""","""", IFERROR(TEXTJOIN("", ""&CHAR(10), TRUE, FILTER('All URLs'!A52:A550, 'All URLs'!B52:B550=A53, 'All URLs'!A52:A550<>"""") ),"""") ) "),"")
D54: =IFERROR(__xludf.DUMMYFUNCTION("IF(A54="""","""", IFERROR(TEXTJOIN("", ""&CHAR(10), TRUE, FILTER('All URLs'!A53:A551, 'All URLs'!B53:B551=A54, 'All URLs'!A53:A551<>"""") ),"""") ) "),"")
D55: =IFERROR(__xludf.DUMMYFUNCTION("IF(A55="""","""", IFERROR(TEXTJOIN("", ""&CHAR(10), TRUE, FILTER('All URLs'!A54:A552, 'All URLs'!B54:B552=A55, 'All URLs'!A54:A552<>"""") ),"""") ) "),"")
D56: =IFERROR(__xludf.DUMMYFUNCTION("IF(A56="""","""", IFERROR(TEXTJOIN("", ""&CHAR(10), TRUE, FILTER('All URLs'!A55:A553, 'All URLs'!B55:B553=A56, 'All URLs'!A55:A553<>"""") ),"""") ) "),"")
D57: =IFERROR(__xludf.DUMMYFUNCTION("IF(A57="""","""", IFERROR(TEXTJOIN("", ""&CHAR(10), TRUE, FILTER('All URLs'!A56:A554, 'All URLs'!B56:B554=A57, 'All URLs'!A56:A554<>"""") ),"""") ) "),"")
D58: =IFERROR(__xludf.DUMMYFUNCTION("IF(A58="""","""", IFERROR(TEXTJOIN("", ""&CHAR(10), TRUE, FILTER('All URLs'!A57:A555, 'All URLs'!B57:B555=A58, 'All URLs'!A57:A555<>"""") ),"""") ) "),"")
D59: =IFERROR(__xludf.DUMMYFUNCTION("IF(A59="""","""", IFERROR(TEXTJOIN("", ""&CHAR(10), TRUE, FILTER('All URLs'!A58:A556, 'All URLs'!B58:B556=A59, 'All URLs'!A58:A556<>"""") ),"""") ) "),"")
D60: =IFERROR(__xludf.DUMMYFUNCTION("IF(A60="""","""", IFERROR(TEXTJOIN("", ""&CHAR(10), TRUE, FILTER('All URLs'!A59:A557, 'All URLs'!B59:B557=A60, 'All URLs'!A59:A557<>"""") ),"""") ) "),"")
D61: =IFERROR(__xludf.DUMMYFUNCTION("IF(A61="""","""", IFERROR(TEXTJOIN("", ""&CHAR(10), TRUE, FILTER('All URLs'!A60:A558, 'All URLs'!B60:B558=A61, 'All URLs'!A60:A558<>"""") ),"""") ) "),"")
D62: =IFERROR(__xludf.DUMMYFUNCTION("IF(A62="""","""", IFERROR(TEXTJOIN("", ""&CHAR(10), TRUE, FILTER('All URLs'!A61:A559, 'All URLs'!B61:B559=A62, 'All URLs'!A61:A559<>"""") ),"""") ) "),"")
D63: =IFERROR(__xludf.DUMMYFUNCTION("IF(A63="""","""", IFERROR(TEXTJOIN("", ""&CHAR(10), TRUE, FILTER('All URLs'!A62:A560, 'All URLs'!B62:B560=A63, 'All URLs'!A62:A560<>"""") ),"""") ) "),"")
D64: =IFERROR(__xludf.DUMMYFUNCTION("IF(A64="""","""", IFERROR(TEXTJOIN("", ""&CHAR(10), TRUE, FILTER('All URLs'!A63:A561, 'All URLs'!B63:B561=A64, 'All URLs'!A63:A561<>"""") ),"""") ) "),"")
D65: =IFERROR(__xludf.DUMMYFUNCTION("IF(A65="""","""", IFERROR(TEXTJOIN("", ""&CHAR(10), TRUE, FILTER('All URLs'!A64:A562, 'All URLs'!B64:B562=A65, 'All URLs'!A64:A562<>"""") ),"""") ) "),"")
D66: =IFERROR(__xludf.DUMMYFUNCTION("IF(A66="""","""", IFERROR(TEXTJOIN("", ""&CHAR(10), TRUE, FILTER('All URLs'!A65:A563, 'All URLs'!B65:B563=A66, 'All URLs'!A65:A563<>"""") ),"""") ) "),"")
D67: =IFERROR(__xludf.DUMMYFUNCTION("IF(A67="""","""", IFERROR(TEXTJOIN("", ""&CHAR(10), TRUE, FILTER('All URLs'!A66:A564, 'All URLs'!B66:B564=A67, 'All URLs'!A66:A564<>"""") ),"""") ) "),"")
D68: =IFERROR(__xludf.DUMMYFUNCTION("IF(A68="""","""", IFERROR(TEXTJOIN("", ""&CHAR(10), TRUE, FILTER('All URLs'!A67:A565, 'All URLs'!B67:B565=A68, 'All URLs'!A67:A565<>"""") ),"""") ) "),"")
D69: =IFERROR(__xludf.DUMMYFUNCTION("IF(A69="""","""", IFERROR(TEXTJOIN("", ""&CHAR(10), TRUE, FILTER('All URLs'!A68:A566, 'All URLs'!B68:B566=A69, 'All URLs'!A68:A566<>"""") ),"""") ) "),"")
D70: =IFERROR(__xludf.DUMMYFUNCTION("IF(A70="""","""", IFERROR(TEXTJOIN("", ""&CHAR(10), TRUE, FILTER('All URLs'!A69:A567, 'All URLs'!B69:B567=A70, 'All URLs'!A69:A567<>"""") ),"""") ) "),"")
D71: =IFERROR(__xludf.DUMMYFUNCTION("IF(A71="""","""", IFERROR(TEXTJOIN("", ""&CHAR(10), TRUE, FILTER('All URLs'!A70:A568, 'All URLs'!B70:B568=A71, 'All URLs'!A70:A568<>"""") ),"""") ) "),"")
D72: =IFERROR(__xludf.DUMMYFUNCTION("IF(A72="""","""", IFERROR(TEXTJOIN("", ""&CHAR(10), TRUE, FILTER('All URLs'!A71:A569, 'All URLs'!B71:B569=A72, 'All URLs'!A71:A569<>"""") ),"""") ) "),"")
D73: =IFERROR(__xludf.DUMMYFUNCTION("IF(A73="""","""", IFERROR(TEXTJOIN("", ""&CHAR(10), TRUE, FILTER('All URLs'!A72:A570, 'All URLs'!B72:B570=A73, 'All URLs'!A72:A570<>"""") ),"""") ) "),"")
D74: =IFERROR(__xludf.DUMMYFUNCTION("IF(A74="""","""", IFERROR(TEXTJOIN("", ""&CHAR(10), TRUE, FILTER('All URLs'!A73:A571, 'All URLs'!B73:B571=A74, 'All URLs'!A73:A571<>"""") ),"""") ) "),"")
D75: =IFERROR(__xludf.DUMMYFUNCTION("IF(A75="""","""", IFERROR(TEXTJOIN("", ""&CHAR(10), TRUE, FILTER('All URLs'!A74:A572, 'All URLs'!B74:B572=A75, 'All URLs'!A74:A572<>"""") ),"""") ) "),"")
D76: =IFERROR(__xludf.DUMMYFUNCTION("IF(A76="""","""", IFERROR(TEXTJOIN("", ""&CHAR(10), TRUE, FILTER('All URLs'!A75:A573, 'All URLs'!B75:B573=A76, 'All URLs'!A75:A573<>"""") ),"""") ) "),"")
D77: =IFERROR(__xludf.DUMMYFUNCTION("IF(A77="""","""", IFERROR(TEXTJOIN("", ""&CHAR(10), TRUE, FILTER('All URLs'!A76:A574, 'All URLs'!B76:B574=A77, 'All URLs'!A76:A574<>"""") ),"""") ) "),"")
D78: =IFERROR(__xludf.DUMMYFUNCTION("IF(A78="""","""", IFERROR(TEXTJOIN("", ""&CHAR(10), TRUE, FILTER('All URLs'!A77:A575, 'All URLs'!B77:B575=A78, 'All URLs'!A77:A575<>"""") ),"""") ) "),"")
D79: =IFERROR(__xludf.DUMMYFUNCTION("IF(A79="""","""", IFERROR(TEXTJOIN("", ""&CHAR(10), TRUE, FILTER('All URLs'!A78:A576, 'All URLs'!B78:B576=A79, 'All URLs'!A78:A576<>"""") ),"""") ) "),"")
D80: =IFERROR(__xludf.DUMMYFUNCTION("IF(A80="""","""", IFERROR(TEXTJOIN("", ""&CHAR(10), TRUE, FILTER('All URLs'!A79:A577, 'All URLs'!B79:B577=A80, 'All URLs'!A79:A577<>"""") ),"""") ) "),"")
D81: =IFERROR(__xludf.DUMMYFUNCTION("IF(A81="""","""", IFERROR(TEXTJOIN("", ""&CHAR(10), TRUE, FILTER('All URLs'!A80:A578, 'All URLs'!B80:B578=A81, 'All URLs'!A80:A578<>"""") ),"""") ) "),"")
D82: =IFERROR(__xludf.DUMMYFUNCTION("IF(A82="""","""", IFERROR(TEXTJOIN("", ""&CHAR(10), TRUE, FILTER('All URLs'!A81:A579, 'All URLs'!B81:B579=A82, 'All URLs'!A81:A579<>"""") ),"""") ) "),"")
D83: =IFERROR(__xludf.DUMMYFUNCTION("IF(A83="""","""", IFERROR(TEXTJOIN("", ""&CHAR(10), TRUE, FILTER('All URLs'!A82:A580, 'All URLs'!B82:B580=A83, 'All URLs'!A82:A580<>"""") ),"""") ) "),"")
D84: =IFERROR(__xludf.DUMMYFUNCTION("IF(A84="""","""", IFERROR(TEXTJOIN("", ""&CHAR(10), TRUE, FILTER('All URLs'!A83:A581, 'All URLs'!B83:B581=A84, 'All URLs'!A83:A581<>"""") ),"""") ) "),"")
D85: =IFERROR(__xludf.DUMMYFUNCTION("IF(A85="""","""", IFERROR(TEXTJOIN("", ""&CHAR(10), TRUE, FILTER('All URLs'!A84:A582, 'All URLs'!B84:B582=A85, 'All URLs'!A84:A582<>"""") ),"""") ) "),"")
D86: =IFERROR(__xludf.DUMMYFUNCTION("IF(A86="""","""", IFERROR(TEXTJOIN("", ""&CHAR(10), TRUE, FILTER('All URLs'!A85:A583, 'All URLs'!B85:B583=A86, 'All URLs'!A85:A583<>"""") ),"""") ) "),"")
D87: =IFERROR(__xludf.DUMMYFUNCTION("IF(A87="""","""", IFERROR(TEXTJOIN("", ""&CHAR(10), TRUE, FILTER('All URLs'!A86:A584, 'All URLs'!B86:B584=A87, 'All URLs'!A86:A584<>"""") ),"""") ) "),"")
D88: =IFERROR(__xludf.DUMMYFUNCTION("IF(A88="""","""", IFERROR(TEXTJOIN("", ""&CHAR(10), TRUE, FILTER('All URLs'!A87:A585, 'All URLs'!B87:B585=A88, 'All URLs'!A87:A585<>"""") ),"""") ) "),"")
D89: =IFERROR(__xludf.DUMMYFUNCTION("IF(A89="""","""", IFERROR(TEXTJOIN("", ""&CHAR(10), TRUE, FILTER('All URLs'!A88:A586, 'All URLs'!B88:B586=A89, 'All URLs'!A88:A586<>"""") ),"""") ) "),"")
D90: =IFERROR(__xludf.DUMMYFUNCTION("IF(A90="""","""", IFERROR(TEXTJOIN("", ""&CHAR(10), TRUE, FILTER('All URLs'!A89:A587, 'All URLs'!B89:B587=A90, 'All URLs'!A89:A587<>"""") ),"""") ) "),"")
D91: =IFERROR(__xludf.DUMMYFUNCTION("IF(A91="""","""", IFERROR(TEXTJOIN("", ""&CHAR(10), TRUE, FILTER('All URLs'!A90:A588, 'All URLs'!B90:B588=A91, 'All URLs'!A90:A588<>"""") ),"""") ) "),"")
D92: =IFERROR(__xludf.DUMMYFUNCTION("IF(A92="""","""", IFERROR(TEXTJOIN("", ""&CHAR(10), TRUE, FILTER('All URLs'!A91:A589, 'All URLs'!B91:B589=A92, 'All URLs'!A91:A589<>"""") ),"""") ) "),"")
D93: =IFERROR(__xludf.DUMMYFUNCTION("IF(A93="""","""", IFERROR(TEXTJOIN("", ""&CHAR(10), TRUE, FILTER('All URLs'!A92:A590, 'All URLs'!B92:B590=A93, 'All URLs'!A92:A590<>"""") ),"""") ) "),"")
D94: =IFERROR(__xludf.DUMMYFUNCTION("IF(A94="""","""", IFERROR(TEXTJOIN("", ""&CHAR(10), TRUE, FILTER('All URLs'!A93:A591, 'All URLs'!B93:B591=A94, 'All URLs'!A93:A591<>"""") ),"""") ) "),"")
D95: =IFERROR(__xludf.DUMMYFUNCTION("IF(A95="""","""", IFERROR(TEXTJOIN("", ""&CHAR(10), TRUE, FILTER('All URLs'!A94:A592, 'All URLs'!B94:B592=A95, 'All URLs'!A94:A592<>"""") ),"""") ) "),"")
D96: =IFERROR(__xludf.DUMMYFUNCTION("IF(A96="""","""", IFERROR(TEXTJOIN("", ""&CHAR(10), TRUE, FILTER('All URLs'!A95:A593, 'All URLs'!B95:B593=A96, 'All URLs'!A95:A593<>"""") ),"""") ) "),"")
D97: =IFERROR(__xludf.DUMMYFUNCTION("IF(A97="""","""", IFERROR(TEXTJOIN("", ""&CHAR(10), TRUE, FILTER('All URLs'!A96:A594, 'All URLs'!B96:B594=A97, 'All URLs'!A96:A594<>"""") ),"""") ) "),"")
D98: =IFERROR(__xludf.DUMMYFUNCTION("IF(A98="""","""", IFERROR(TEXTJOIN("", ""&CHAR(10), TRUE, FILTER('All URLs'!A97:A595, 'All URLs'!B97:B595=A98, 'All URLs'!A97:A595<>"""") ),"""") ) "),"")
D99: =IFERROR(__xludf.DUMMYFUNCTION("IF(A99="""","""", IFERROR(TEXTJOIN("", ""&CHAR(10), TRUE, FILTER('All URLs'!A98:A596, 'All URLs'!B98:B596=A99, 'All URLs'!A98:A596<>"""") ),"""") ) "),"")
D100: =IFERROR(__xludf.DUMMYFUNCTION("IF(A100="""","""", IFERROR(TEXTJOIN("", ""&CHAR(10), TRUE, FILTER('All URLs'!A99:A597, 'All URLs'!B99:B597=A100, 'All URLs'!A99:A597<>"""") ),"""") ) "),"")

Sheet All URLs
A1: URL | B1: Unique page No.

Sheet Final Report
A1: Page No | B1: Page Name | C1: Page URL | D1: Issue Title | E1: Test Findings | F1: Move to Report | G1: Actual Result | H1: Incorrect Code | I1: Screenshots | J1: Recommendation | K1: Correct Code | L1: Severity | M1: User Affected | N1: WCAG Success Criteria Number | O1: WCAG Success Criteria Name | P1: WCAG Conformance Level | Q1: GIGW 3.0 | R1: IS 17802 | S1: Chrome/JAWS | T1: Firefox/NVDA | U1: Edge/JAWS | V1: MAC - Safari/VoiceOver | W1: Android- Chrome/TalkBack | X1: iOS - Safari/VoiceOver | Y1: ZoomText | Z1: Dragon Natural Speaking | AA1: Developer's Status | AB1: Developer's Comment | AC1: Issue Reported by | AD1: Tester's Comment | AE1: Tester Status | AF1: QA Name | AG1: QA Coment | AH1: QA Status | AI1: Severity Rank | AJ1: Level Rank
B2: =IFERROR(__xludf.DUMMYFUNCTION("ARRAY_CONSTRAIN( ARRAYFORMULA( IF( 'Final Report'!A2="""", """", TEXTJOIN( "", "" & CHAR(10), TRUE, IFERROR( VLOOKUP( TRIM( SPLIT('Final Report'!A2, "","") ), "&" 'URL Details'!A:B, 2, FALSE ), """" ) ) ) ), 1, 1 ) "),"") | C2: =IFERROR(__xludf.DUMMYFUNCTION("IFERROR(IF('Final Report'!A2="""","""", TEXTJOIN(CHAR(10), TRUE, ARRAYFORMULA( ""• ""& FILTER( TRIM(FLATTEN(SPLIT( REGEXREPLACE( SUBSTITUTE(TEXTJOIN("","", TRUE, IFERROR(ARRAYFORMULA(VLOOKUP(TRIM(SPLIT('Final Report'!A2, "","")), 'URL Details'!A:D, 4, FAL"&"SE)),"""") ), CHAR(10), "",""), ""\s*,\s*"", "",""), "",""))), TRIM(FLATTEN(SPLIT( REGEXREPLACE( SUBSTITUTE(TEXTJOIN("","", TRUE, IFERROR(ARRAYFORMULA(VLOOKUP(TRIM(SPLIT('Final Report'!A2, "","")), 'URL Details'!A:D, 4, FALSE)),"""") ), CHAR(10), "",""), "&"""\s*,\s*"", "",""), "","")))<>"""" ) ) ) ),"""") "),"") | F2: FALSE | G2: =IF(F2=True, IFERROR(VLOOKUP(D2, Repository!A:B, 2, 0), ""), "") | J2: =IF(F2=True, IFERROR(VLOOKUP(D2, Repository!A:C, 3, 0), ""), "") | L2: =IF(F2=True, IFERROR(VLOOKUP(D2, Repository!A:E, 5, 0), ""), "") | N2: =IF(F2=True, IFERROR(VLOOKUP(D2, Repository!A:G, 7, 0), ""), "") | O2: =IFERROR(__xludf.DUMMYFUNCTION("ARRAY_CONSTRAIN( ARRAYFORMULA( IFERROR( LET( list, N2, arr, TRIM(SPLIT(list, "","")), names, XLOOKUP( arr, 'Conformance Score'!A:A, 'Conformance Score'!B:B, ""Not found"" "&"), TEXTJOIN("", "", TRUE, names) ), """" ) ), 1, 1 ) "),"") | P2: =IF(F2=True, IFERROR(VLOOKUP(D2, Repository!A:F, 6, 0), ""), "") | Q2: =IF(F2=True, IFERROR(VLOOKUP(D2, Repository!A:I, 8, 0), ""), "") | R2: =IF(F2=True, IFERROR(VLOOKUP(D2, Repository!A:J, 9, 0), ""), "") | AI2: =IF(L2="","", IF(L2="Blocker",1, IF(L2="Critical",2, IF(L2="Major",3, IF(L2="Minor",4,""))))) | AJ2: =IF(P2="","", IF(P2="A",1, IF(P2="AA",2, IF(P2="AAA",3,""))))
B3: =IFERROR(__xludf.DUMMYFUNCTION("ARRAY_CONSTRAIN( ARRAYFORMULA( IF( 'Final Report'!A3="""", """", TEXTJOIN( "", "" & CHAR(10), TRUE, IFERROR( VLOOKUP( TRIM( SPLIT('Final Report'!A3, "","") ), "&" 'URL Details'!A:B, 2, FALSE ), """" ) ) ) ), 1, 1 ) "),"") | C3: =IFERROR(__xludf.DUMMYFUNCTION("IFERROR(IF('Final Report'!A3="""","""", TEXTJOIN(CHAR(10), TRUE, ARRAYFORMULA( ""• ""& FILTER( TRIM(FLATTEN(SPLIT( REGEXREPLACE( SUBSTITUTE(TEXTJOIN("","", TRUE, IFERROR(ARRAYFORMULA(VLOOKUP(TRIM(SPLIT('Final Report'!A3, "","")), 'URL Details'!A:D, 4, FAL"&"SE)),"""") ), CHAR(10), "",""), ""\s*,\s*"", "",""), "",""))), TRIM(FLATTEN(SPLIT( REGEXREPLACE( SUBSTITUTE(TEXTJOIN("","", TRUE, IFERROR(ARRAYFORMULA(VLOOKUP(TRIM(SPLIT('Final Report'!A3, "","")), 'URL Details'!A:D, 4, FALSE)),"""") ), CHAR(10), "",""), "&"""\s*,\s*"", "",""), "","")))<>"""" ) ) ) ),"""") "),"") | F3: FALSE | G3: =IF(F3=True, IFERROR(VLOOKUP(D3, Repository!A:B, 2, 0), ""), "") | J3: =IF(F3=True, IFERROR(VLOOKUP(D3, Repository!A:C, 3, 0), ""), "") | L3: =IF(F3=True, IFERROR(VLOOKUP(D3, Repository!A:E, 5, 0), ""), "") | N3: =IF(F3=True, IFERROR(VLOOKUP(D3, Repository!A:G, 7, 0), ""), "") | O3: =IFERROR(__xludf.DUMMYFUNCTION("ARRAY_CONSTRAIN( ARRAYFORMULA( IFERROR( LET( list, N3, arr, TRIM(SPLIT(list, "","")), names, XLOOKUP( arr, 'Conformance Score'!A:A, 'Conformance Score'!B:B, ""Not found"" "&"), TEXTJOIN("", "", TRUE, names) ), """" ) ), 1, 1 ) "),"") | P3: =IF(F3="Yes", IFERROR(VLOOKUP(D3, Repository!A:F, 6, 0), ""), "") | Q3: =IF(F3="Yes", IFERROR(VLOOKUP(D3, Repository!A:I, 8, 0), ""), "") | R3: =IF(F3="Yes", IFERROR(VLOOKUP(D3, Repository!A:J, 9, 0), ""), "") | AI3: =IF(L3="","", IF(L3="Blocker",1, IF(L3="Critical",2, IF(L3="Major",3, IF(L3="Minor",4,""))))) | AJ3: =IF(P3="","", IF(P3="A",1, IF(P3="AA",2, IF(P3="AAA",3,""))))
B4: =IFERROR(__xludf.DUMMYFUNCTION("ARRAY_CONSTRAIN( ARRAYFORMULA( IF( 'Final Report'!A4="""", """", TEXTJOIN( "", "" & CHAR(10), TRUE, IFERROR( VLOOKUP( TRIM( SPLIT('Final Report'!A4, "","") ), "&" 'URL Details'!A:B, 2, FALSE ), """" ) ) ) ), 1, 1 ) "),"") | C4: =IFERROR(__xludf.DUMMYFUNCTION("IFERROR(IF('Final Report'!A4="""","""", TEXTJOIN(CHAR(10), TRUE, ARRAYFORMULA( ""• ""& FILTER( TRIM(FLATTEN(SPLIT( REGEXREPLACE( SUBSTITUTE(TEXTJOIN("","", TRUE, IFERROR(ARRAYFORMULA(VLOOKUP(TRIM(SPLIT('Final Report'!A4, "","")), 'URL Details'!A:D, 4, FAL"&"SE)),"""") ), CHAR(10), "",""), ""\s*,\s*"", "",""), "",""))), TRIM(FLATTEN(SPLIT( REGEXREPLACE( SUBSTITUTE(TEXTJOIN("","", TRUE, IFERROR(ARRAYFORMULA(VLOOKUP(TRIM(SPLIT('Final Report'!A4, "","")), 'URL Details'!A:D, 4, FALSE)),"""") ), CHAR(10), "",""), "&"""\s*,\s*"", "",""), "","")))<>"""" ) ) ) ),"""") "),"") | F4: FALSE | G4: =IF(F4=True, IFERROR(VLOOKUP(D4, Repository!A:B, 2, 0), ""), "") | J4: =IF(F4=True, IFERROR(VLOOKUP(D4, Repository!A:C, 3, 0), ""), "") | L4: =IF(F4=True, IFERROR(VLOOKUP(D4, Repository!A:E, 5, 0), ""), "") | N4: =IF(F4=True, IFERROR(VLOOKUP(D4, Repository!A:G, 7, 0), ""), "") | O4: =IFERROR(__xludf.DUMMYFUNCTION("ARRAY_CONSTRAIN( ARRAYFORMULA( IFERROR( LET( list, N4, arr, TRIM(SPLIT(list, "","")), names, XLOOKUP( arr, 'Conformance Score'!A:A, 'Conformance Score'!B:B, ""Not found"" "&"), TEXTJOIN("", "", TRUE, names) ), """" ) ), 1, 1 ) "),"") | P4: =IF(F4="Yes", IFERROR(VLOOKUP(D4, Repository!A:F, 6, 0), ""), "") | Q4: =IF(F4="Yes", IFERROR(VLOOKUP(D4, Repository!A:I, 8, 0), ""), "") | R4: =IF(F4="Yes", IFERROR(VLOOKUP(D4, Repository!A:J, 9, 0), ""), "") | AI4: =IF(L4="","", IF(L4="Blocker",1, IF(L4="Critical",2, IF(L4="Major",3, IF(L4="Minor",4,""))))) | AJ4: =IF(P4="","", IF(P4="A",1, IF(P4="AA",2, IF(P4="AAA",3,""))))
B5: =IFERROR(__xludf.DUMMYFUNCTION("ARRAY_CONSTRAIN( ARRAYFORMULA( IF( 'Final Report'!A5="""", """", TEXTJOIN( "", "" & CHAR(10), TRUE, IFERROR( VLOOKUP( TRIM( SPLIT('Final Report'!A5, "","") ), "&" 'URL Details'!A:B, 2, FALSE ), """" ) ) ) ), 1, 1 ) "),"") | C5: =IFERROR(__xludf.DUMMYFUNCTION("IFERROR(IF('Final Report'!A5="""","""", TEXTJOIN(CHAR(10), TRUE, ARRAYFORMULA( ""• ""& FILTER( TRIM(FLATTEN(SPLIT( REGEXREPLACE( SUBSTITUTE(TEXTJOIN("","", TRUE, IFERROR(ARRAYFORMULA(VLOOKUP(TRIM(SPLIT('Final Report'!A5, "","")), 'URL Details'!A:D, 4, FAL"&"SE)),"""") ), CHAR(10), "",""), ""\s*,\s*"", "",""), "",""))), TRIM(FLATTEN(SPLIT( REGEXREPLACE( SUBSTITUTE(TEXTJOIN("","", TRUE, IFERROR(ARRAYFORMULA(VLOOKUP(TRIM(SPLIT('Final Report'!A5, "","")), 'URL Details'!A:D, 4, FALSE)),"""") ), CHAR(10), "",""), "&"""\s*,\s*"", "",""), "","")))<>"""" ) ) ) ),"""") "),"") | F5: FALSE | G5: =IF(F5=True, IFERROR(VLOOKUP(D5, Repository!A:B, 2, 0), ""), "") | J5: =IF(F5=True, IFERROR(VLOOKUP(D5, Repository!A:C, 3, 0), ""), "") | L5: =IF(F5=True, IFERROR(VLOOKUP(D5, Repository!A:E, 5, 0), ""), "") | N5: =IF(F5=True, IFERROR(VLOOKUP(D5, Repository!A:G, 7, 0), ""), "") | O5: =IFERROR(__xludf.DUMMYFUNCTION("ARRAY_CONSTRAIN( ARRAYFORMULA( IFERROR( LET( list, N5, arr, TRIM(SPLIT(list, "","")), names, XLOOKUP( arr, 'Conformance Score'!A:A, 'Conformance Score'!B:B, ""Not found"" "&"), TEXTJOIN("", "", TRUE, names) ), """" ) ), 1, 1 ) "),"") | P5: =IF(F5="Yes", IFERROR(VLOOKUP(D5, Repository!A:F, 6, 0), ""), "") | Q5: =IF(F5="Yes", IFERROR(VLOOKUP(D5, Repository!A:I, 8, 0), ""), "") | R5: =IF(F5="Yes", IFERROR(VLOOKUP(D5, Repository!A:J, 9, 0), ""), "") | AI5: =IF(L5="","", IF(L5="Blocker",1, IF(L5="Critical",2, IF(L5="Major",3, IF(L5="Minor",4,""))))) | AJ5: =IF(P5="","", IF(P5="A",1, IF(P5="AA",2, IF(P5="AAA",3,""))))
B6: =IFERROR(__xludf.DUMMYFUNCTION("ARRAY_CONSTRAIN( ARRAYFORMULA( IF( 'Final Report'!A6="""", """", TEXTJOIN( "", "" & CHAR(10), TRUE, IFERROR( VLOOKUP( TRIM( SPLIT('Final Report'!A6, "","") ), "&" 'URL Details'!A:B, 2, FALSE ), """" ) ) ) ), 1, 1 ) "),"") | C6: =IFERROR(__xludf.DUMMYFUNCTION("IFERROR(IF('Final Report'!A6="""","""", TEXTJOIN(CHAR(10), TRUE, ARRAYFORMULA( ""• ""& FILTER( TRIM(FLATTEN(SPLIT( REGEXREPLACE( SUBSTITUTE(TEXTJOIN("","", TRUE, IFERROR(ARRAYFORMULA(VLOOKUP(TRIM(SPLIT('Final Report'!A6, "","")), 'URL Details'!A:D, 4, FAL"&"SE)),"""") ), CHAR(10), "",""), ""\s*,\s*"", "",""), "",""))), TRIM(FLATTEN(SPLIT( REGEXREPLACE( SUBSTITUTE(TEXTJOIN("","", TRUE, IFERROR(ARRAYFORMULA(VLOOKUP(TRIM(SPLIT('Final Report'!A6, "","")), 'URL Details'!A:D, 4, FALSE)),"""") ), CHAR(10), "",""), "&"""\s*,\s*"", "",""), "","")))<>"""" ) ) ) ),"""") "),"") | F6: FALSE | G6: =IF(F6=True, IFERROR(VLOOKUP(D6, Repository!A:B, 2, 0), ""), "") | J6: =IF(F6=True, IFERROR(VLOOKUP(D6, Repository!A:C, 3, 0), ""), "") | L6: =IF(F6=True, IFERROR(VLOOKUP(D6, Repository!A:E, 5, 0), ""), "") | N6: =IF(F6=True, IFERROR(VLOOKUP(D6, Repository!A:G, 7, 0), ""), "") | O6: =IFERROR(__xludf.DUMMYFUNCTION("ARRAY_CONSTRAIN( ARRAYFORMULA( IFERROR( LET( list, N6, arr, TRIM(SPLIT(list, "","")), names, XLOOKUP( arr, 'Conformance Score'!A:A, 'Conformance Score'!B:B, ""Not found"" "&"), TEXTJOIN("", "", TRUE, names) ), """" ) ), 1, 1 ) "),"") | P6: =IF(F6="Yes", IFERROR(VLOOKUP(D6, Repository!A:F, 6, 0), ""), "") | Q6: =IF(F6="Yes", IFERROR(VLOOKUP(D6, Repository!A:I, 8, 0), ""), "") | R6: =IF(F6="Yes", IFERROR(VLOOKUP(D6, Repository!A:J, 9, 0), ""), "") | AI6: =IF(L6="","", IF(L6="Blocker",1, IF(L6="Critical",2, IF(L6="Major",3, IF(L6="Minor",4,""))))) | AJ6: =IF(P6="","", IF(P6="A",1, IF(P6="AA",2, IF(P6="AAA",3,""))))
B7: =IFERROR(__xludf.DUMMYFUNCTION("ARRAY_CONSTRAIN( ARRAYFORMULA( IF( 'Final Report'!A7="""", """", TEXTJOIN( "", "" & CHAR(10), TRUE, IFERROR( VLOOKUP( TRIM( SPLIT('Final Report'!A7, "","") ), "&" 'URL Details'!A:B, 2, FALSE ), """" ) ) ) ), 1, 1 ) "),"") | C7: =IFERROR(__xludf.DUMMYFUNCTION("IFERROR(IF('Final Report'!A7="""","""", TEXTJOIN(CHAR(10), TRUE, ARRAYFORMULA( ""• ""& FILTER( TRIM(FLATTEN(SPLIT( REGEXREPLACE( SUBSTITUTE(TEXTJOIN("","", TRUE, IFERROR(ARRAYFORMULA(VLOOKUP(TRIM(SPLIT('Final Report'!A7, "","")), 'URL Details'!A:D, 4, FAL"&"SE)),"""") ), CHAR(10), "",""), ""\s*,\s*"", "",""), "",""))), TRIM(FLATTEN(SPLIT( REGEXREPLACE( SUBSTITUTE(TEXTJOIN("","", TRUE, IFERROR(ARRAYFORMULA(VLOOKUP(TRIM(SPLIT('Final Report'!A7, "","")), 'URL Details'!A:D, 4, FALSE)),"""") ), CHAR(10), "",""), "&"""\s*,\s*"", "",""), "","")))<>"""" ) ) ) ),"""") "),"") | F7: FALSE | G7: =IF(F7=True, IFERROR(VLOOKUP(D7, Repository!A:B, 2, 0), ""), "") | J7: =IF(F7=True, IFERROR(VLOOKUP(D7, Repository!A:C, 3, 0), ""), "") | L7: =IF(F7=True, IFERROR(VLOOKUP(D7, Repository!A:E, 5, 0), ""), "") | N7: =IF(F7=True, IFERROR(VLOOKUP(D7, Repository!A:G, 7, 0), ""), "") | O7: =IFERROR(__xludf.DUMMYFUNCTION("ARRAY_CONSTRAIN( ARRAYFORMULA( IFERROR( LET( list, N7, arr, TRIM(SPLIT(list, "","")), names, XLOOKUP( arr, 'Conformance Score'!A:A, 'Conformance Score'!B:B, ""Not found"" "&"), TEXTJOIN("", "", TRUE, names) ), """" ) ), 1, 1 ) "),"") | P7: =IF(F7="Yes", IFERROR(VLOOKUP(D7, Repository!A:F, 6, 0), ""), "") | Q7: =IF(F7="Yes", IFERROR(VLOOKUP(D7, Repository!A:I, 8, 0), ""), "") | R7: =IF(F7="Yes", IFERROR(VLOOKUP(D7, Repository!A:J, 9, 0), ""), "") | AI7: =IF(L7="","", IF(L7="Blocker",1, IF(L7="Critical",2, IF(L7="Major",3, IF(L7="Minor",4,""))))) | AJ7: =IF(P7="","", IF(P7="A",1, IF(P7="AA",2, IF(P7="AAA",3,""))))
B8: =IFERROR(__xludf.DUMMYFUNCTION("ARRAY_CONSTRAIN( ARRAYFORMULA( IF( 'Final Report'!A8="""", """", TEXTJOIN( "", "" & CHAR(10), TRUE, IFERROR( VLOOKUP( TRIM( SPLIT('Final Report'!A8, "","") ), "&" 'URL Details'!A:B, 2, FALSE ), """" ) ) ) ), 1, 1 ) "),"") | C8: =IFERROR(__xludf.DUMMYFUNCTION("IFERROR(IF('Final Report'!A8="""","""", TEXTJOIN(CHAR(10), TRUE, ARRAYFORMULA( ""• ""& FILTER( TRIM(FLATTEN(SPLIT( REGEXREPLACE( SUBSTITUTE(TEXTJOIN("","", TRUE, IFERROR(ARRAYFORMULA(VLOOKUP(TRIM(SPLIT('Final Report'!A8, "","")), 'URL Details'!A:D, 4, FAL"&"SE)),"""") ), CHAR(10), "",""), ""\s*,\s*"", "",""), "",""))), TRIM(FLATTEN(SPLIT( REGEXREPLACE( SUBSTITUTE(TEXTJOIN("","", TRUE, IFERROR(ARRAYFORMULA(VLOOKUP(TRIM(SPLIT('Final Report'!A8, "","")), 'URL Details'!A:D, 4, FALSE)),"""") ), CHAR(10), "",""), "&"""\s*,\s*"", "",""), "","")))<>"""" ) ) ) ),"""") "),"") | F8: FALSE | G8: =IF(F8=True, IFERROR(VLOOKUP(D8, Repository!A:B, 2, 0), ""), "") | J8: =IF(F8=True, IFERROR(VLOOKUP(D8, Repository!A:C, 3, 0), ""), "") | L8: =IF(F8=True, IFERROR(VLOOKUP(D8, Repository!A:E, 5, 0), ""), "") | N8: =IF(F8=True, IFERROR(VLOOKUP(D8, Repository!A:G, 7, 0), ""), "") | O8: =IFERROR(__xludf.DUMMYFUNCTION("ARRAY_CONSTRAIN( ARRAYFORMULA( IFERROR( LET( list, N8, arr, TRIM(SPLIT(list, "","")), names, XLOOKUP( arr, 'Conformance Score'!A:A, 'Conformance Score'!B:B, ""Not found"" "&"), TEXTJOIN("", "", TRUE, names) ), """" ) ), 1, 1 ) "),"") | P8: =IF(F8="Yes", IFERROR(VLOOKUP(D8, Repository!A:F, 6, 0), ""), "") | Q8: =IF(F8="Yes", IFERROR(VLOOKUP(D8, Repository!A:I, 8, 0), ""), "") | R8: =IF(F8="Yes", IFERROR(VLOOKUP(D8, Repository!A:J, 9, 0), ""), "") | AI8: =IF(L8="","", IF(L8="Blocker",1, IF(L8="Critical",2, IF(L8="Major",3, IF(L8="Minor",4,""))))) | AJ8: =IF(P8="","", IF(P8="A",1, IF(P8="AA",2, IF(P8="AAA",3,""))))
B9: =IFERROR(__xludf.DUMMYFUNCTION("ARRAY_CONSTRAIN( ARRAYFORMULA( IF( 'Final Report'!A9="""", """", TEXTJOIN( "", "" & CHAR(10), TRUE, IFERROR( VLOOKUP( TRIM( SPLIT('Final Report'!A9, "","") ), "&" 'URL Details'!A:B, 2, FALSE ), """" ) ) ) ), 1, 1 ) "),"") | C9: =IFERROR(__xludf.DUMMYFUNCTION("IFERROR(IF('Final Report'!A9="""","""", TEXTJOIN(CHAR(10), TRUE, ARRAYFORMULA( ""• ""& FILTER( TRIM(FLATTEN(SPLIT( REGEXREPLACE( SUBSTITUTE(TEXTJOIN("","", TRUE, IFERROR(ARRAYFORMULA(VLOOKUP(TRIM(SPLIT('Final Report'!A9, "","")), 'URL Details'!A:D, 4, FAL"&"SE)),"""") ), CHAR(10), "",""), ""\s*,\s*"", "",""), "",""))), TRIM(FLATTEN(SPLIT( REGEXREPLACE( SUBSTITUTE(TEXTJOIN("","", TRUE, IFERROR(ARRAYFORMULA(VLOOKUP(TRIM(SPLIT('Final Report'!A9, "","")), 'URL Details'!A:D, 4, FALSE)),"""") ), CHAR(10), "",""), "&"""\s*,\s*"", "",""), "","")))<>"""" ) ) ) ),"""") "),"") | F9: FALSE | G9: =IF(F9=True, IFERROR(VLOOKUP(D9, Repository!A:B, 2, 0), ""), "") | J9: =IF(F9=True, IFERROR(VLOOKUP(D9, Repository!A:C, 3, 0), ""), "") | L9: =IF(F9=True, IFERROR(VLOOKUP(D9, Repository!A:E, 5, 0), ""), "") | N9: =IF(F9=True, IFERROR(VLOOKUP(D9, Repository!A:G, 7, 0), ""), "") | O9: =IFERROR(__xludf.DUMMYFUNCTION("ARRAY_CONSTRAIN( ARRAYFORMULA( IFERROR( LET( list, N9, arr, TRIM(SPLIT(list, "","")), names, XLOOKUP( arr, 'Conformance Score'!A:A, 'Conformance Score'!B:B, ""Not found"" "&"), TEXTJOIN("", "", TRUE, names) ), """" ) ), 1, 1 ) "),"") | P9: =IF(F9="Yes", IFERROR(VLOOKUP(D9, Repository!A:F, 6, 0), ""), "") | Q9: =IF(F9="Yes", IFERROR(VLOOKUP(D9, Repository!A:I, 8, 0), ""), "") | R9: =IF(F9="Yes", IFERROR(VLOOKUP(D9, Repository!A:J, 9, 0), ""), "") | AI9: =IF(L9="","", IF(L9="Blocker",1, IF(L9="Critical",2, IF(L9="Major",3, IF(L9="Minor",4,""))))) | AJ9: =IF(P9="","", IF(P9="A",1, IF(P9="AA",2, IF(P9="AAA",3,""))))
B10: =IFERROR(__xludf.DUMMYFUNCTION("ARRAY_CONSTRAIN( ARRAYFORMULA( IF( 'Final Report'!A10="""", """", TEXTJOIN( "", "" & CHAR(10), TRUE, IFERROR( VLOOKUP( TRIM( SPLIT('Final Report'!A10, "","") )"&", 'URL Details'!A:B, 2, FALSE ), """" ) ) ) ), 1, 1 ) "),"") | C10: =IFERROR(__xludf.DUMMYFUNCTION("IFERROR(IF('Final Report'!A10="""","""", TEXTJOIN(CHAR(10), TRUE, ARRAYFORMULA( ""• ""& FILTER( TRIM(FLATTEN(SPLIT( REGEXREPLACE( SUBSTITUTE(TEXTJOIN("","", TRUE, IFERROR(ARRAYFORMULA(VLOOKUP(TRIM(SPLIT('Final Report'!A10, "","")), 'URL Details'!A:D, 4, F"&"ALSE)),"""") ), CHAR(10), "",""), ""\s*,\s*"", "",""), "",""))), TRIM(FLATTEN(SPLIT( REGEXREPLACE( SUBSTITUTE(TEXTJOIN("","", TRUE, IFERROR(ARRAYFORMULA(VLOOKUP(TRIM(SPLIT('Final Report'!A10, "","")), 'URL Details'!A:D, 4, FALSE)),"""") ), CHAR(10), "","""&"), ""\s*,\s*"", "",""), "","")))<>"""" ) ) ) ),"""") "),"") | F10: FALSE | G10: =IF(F10=True, IFERROR(VLOOKUP(D10, Repository!A:B, 2, 0), ""), "") | J10: =IF(F10=True, IFERROR(VLOOKUP(D10, Repository!A:C, 3, 0), ""), "") | L10: =IF(F10=True, IFERROR(VLOOKUP(D10, Repository!A:E, 5, 0), ""), "") | N10: =IF(F10=True, IFERROR(VLOOKUP(D10, Repository!A:G, 7, 0), ""), "") | O10: =IFERROR(__xludf.DUMMYFUNCTION("ARRAY_CONSTRAIN( ARRAYFORMULA( IFERROR( LET( list, N10, arr, TRIM(SPLIT(list, "","")), names, XLOOKUP( arr, 'Conformance Score'!A:A, 'Conformance Score'!B:B, ""Not found"" "&" ), TEXTJOIN("", "", TRUE, names) ), """" ) ), 1, 1 ) "),"") | P10: =IF(F10="Yes", IFERROR(VLOOKUP(D10, Repository!A:F, 6, 0), ""), "") | Q10: =IF(F10="Yes", IFERROR(VLOOKUP(D10, Repository!A:I, 8, 0), ""), "") | R10: =IF(F10="Yes", IFERROR(VLOOKUP(D10, Repository!A:J, 9, 0), ""), "") | AI10: =IF(L10="","", IF(L10="Blocker",1, IF(L10="Critical",2, IF(L10="Major",3, IF(L10="Minor",4,""))))) | AJ10: =IF(P10="","", IF(P10="A",1, IF(P10="AA",2, IF(P10="AAA",3,""))))
B11: =IFERROR(__xludf.DUMMYFUNCTION("ARRAY_CONSTRAIN( ARRAYFORMULA( IF( 'Final Report'!A11="""", """", TEXTJOIN( "", "" & CHAR(10), TRUE, IFERROR( VLOOKUP( TRIM( SPLIT('Final Report'!A11, "","") )"&", 'URL Details'!A:B, 2, FALSE ), """" ) ) ) ), 1, 1 ) "),"") | C11: =IFERROR(__xludf.DUMMYFUNCTION("IFERROR(IF('Final Report'!A11="""","""", TEXTJOIN(CHAR(10), TRUE, ARRAYFORMULA( ""• ""& FILTER( TRIM(FLATTEN(SPLIT( REGEXREPLACE( SUBSTITUTE(TEXTJOIN("","", TRUE, IFERROR(ARRAYFORMULA(VLOOKUP(TRIM(SPLIT('Final Report'!A11, "","")), 'URL Details'!A:D, 4, F"&"ALSE)),"""") ), CHAR(10), "",""), ""\s*,\s*"", "",""), "",""))), TRIM(FLATTEN(SPLIT( REGEXREPLACE( SUBSTITUTE(TEXTJOIN("","", TRUE, IFERROR(ARRAYFORMULA(VLOOKUP(TRIM(SPLIT('Final Report'!A11, "","")), 'URL Details'!A:D, 4, FALSE)),"""") ), CHAR(10), "","""&"), ""\s*,\s*"", "",""), "","")))<>"""" ) ) ) ),"""") "),"") | F11: FALSE | G11: =IF(F11=True, IFERROR(VLOOKUP(D11, Repository!A:B, 2, 0), ""), "") | J11: =IF(F11=True, IFERROR(VLOOKUP(D11, Repository!A:C, 3, 0), ""), "") | L11: =IF(F11=True, IFERROR(VLOOKUP(D11, Repository!A:E, 5, 0), ""), "") | N11: =IF(F11=True, IFERROR(VLOOKUP(D11, Repository!A:G, 7, 0), ""), "") | O11: =IFERROR(__xludf.DUMMYFUNCTION("ARRAY_CONSTRAIN( ARRAYFORMULA( IFERROR( LET( list, N11, arr, TRIM(SPLIT(list, "","")), names, XLOOKUP( arr, 'Conformance Score'!A:A, 'Conformance Score'!B:B, ""Not found"" "&" ), TEXTJOIN("", "", TRUE, names) ), """" ) ), 1, 1 ) "),"") | P11: =IF(F11="Yes", IFERROR(VLOOKUP(D11, Repository!A:F, 6, 0), ""), "") | Q11: =IF(F11="Yes", IFERROR(VLOOKUP(D11, Repository!A:I, 8, 0), ""), "") | R11: =IF(F11="Yes", IFERROR(VLOOKUP(D11, Repository!A:J, 9, 0), ""), "") | AI11: =IF(L11="","", IF(L11="Blocker",1, IF(L11="Critical",2, IF(L11="Major",3, IF(L11="Minor",4,""))))) | AJ11: =IF(P11="","", IF(P11="A",1, IF(P11="AA",2, IF(P11="AAA",3,""))))
B12: =IFERROR(__xludf.DUMMYFUNCTION("ARRAY_CONSTRAIN( ARRAYFORMULA( IF( 'Final Report'!A12="""", """", TEXTJOIN( "", "" & CHAR(10), TRUE, IFERROR( VLOOKUP( TRIM( SPLIT('Final Report'!A12, "","") )"&", 'URL Details'!A:B, 2, FALSE ), """" ) ) ) ), 1, 1 ) "),"") | C12: =IFERROR(__xludf.DUMMYFUNCTION("IFERROR(IF('Final Report'!A12="""","""", TEXTJOIN(CHAR(10), TRUE, ARRAYFORMULA( ""• ""& FILTER( TRIM(FLATTEN(SPLIT( REGEXREPLACE( SUBSTITUTE(TEXTJOIN("","", TRUE, IFERROR(ARRAYFORMULA(VLOOKUP(TRIM(SPLIT('Final Report'!A12, "","")), 'URL Details'!A:D, 4, F"&"ALSE)),"""") ), CHAR(10), "",""), ""\s*,\s*"", "",""), "",""))), TRIM(FLATTEN(SPLIT( REGEXREPLACE( SUBSTITUTE(TEXTJOIN("","", TRUE, IFERROR(ARRAYFORMULA(VLOOKUP(TRIM(SPLIT('Final Report'!A12, "","")), 'URL Details'!A:D, 4, FALSE)),"""") ), CHAR(10), "","""&"), ""\s*,\s*"", "",""), "","")))<>"""" ) ) ) ),"""") "),"") | F12: FALSE | G12: =IF(F12=True, IFERROR(VLOOKUP(D12, Repository!A:B, 2, 0), ""), "") | J12: =IF(F12=True, IFERROR(VLOOKUP(D12, Repository!A:C, 3, 0), ""), "") | L12: =IF(F12=True, IFERROR(VLOOKUP(D12, Repository!A:E, 5, 0), ""), "") | N12: =IF(F12=True, IFERROR(VLOOKUP(D12, Repository!A:G, 7, 0), ""), "") | O12: =IFERROR(__xludf.DUMMYFUNCTION("ARRAY_CONSTRAIN( ARRAYFORMULA( IFERROR( LET( list, N12, arr, TRIM(SPLIT(list, "","")), names, XLOOKUP( arr, 'Conformance Score'!A:A, 'Conformance Score'!B:B, ""Not found"" "&" ), TEXTJOIN("", "", TRUE, names) ), """" ) ), 1, 1 ) "),"") | P12: =IF(F12="Yes", IFERROR(VLOOKUP(D12, Repository!A:F, 6, 0), ""), "") | Q12: =IF(F12="Yes", IFERROR(VLOOKUP(D12, Repository!A:I, 8, 0), ""), "") | R12: =IF(F12="Yes", IFERROR(VLOOKUP(D12, Repository!A:J, 9, 0), ""), "") | AI12: =IF(L12="","", IF(L12="Blocker",1, IF(L12="Critical",2, IF(L12="Major",3, IF(L12="Minor",4,""))))) | AJ12: =IF(P12="","", IF(P12="A",1, IF(P12="AA",2, IF(P12="AAA",3,""))))
B13: =IFERROR(__xludf.DUMMYFUNCTION("ARRAY_CONSTRAIN( ARRAYFORMULA( IF( 'Final Report'!A13="""", """", TEXTJOIN( "", "" & CHAR(10), TRUE, IFERROR( VLOOKUP( TRIM( SPLIT('Final Report'!A13, "","") )"&", 'URL Details'!A:B, 2, FALSE ), """" ) ) ) ), 1, 1 ) "),"") | C13: =IFERROR(__xludf.DUMMYFUNCTION("IFERROR(IF('Final Report'!A13="""","""", TEXTJOIN(CHAR(10), TRUE, ARRAYFORMULA( ""• ""& FILTER( TRIM(FLATTEN(SPLIT( REGEXREPLACE( SUBSTITUTE(TEXTJOIN("","", TRUE, IFERROR(ARRAYFORMULA(VLOOKUP(TRIM(SPLIT('Final Report'!A13, "","")), 'URL Details'!A:D, 4, F"&"ALSE)),"""") ), CHAR(10), "",""), ""\s*,\s*"", "",""), "",""))), TRIM(FLATTEN(SPLIT( REGEXREPLACE( SUBSTITUTE(TEXTJOIN("","", TRUE, IFERROR(ARRAYFORMULA(VLOOKUP(TRIM(SPLIT('Final Report'!A13, "","")), 'URL Details'!A:D, 4, FALSE)),"""") ), CHAR(10), "","""&"), ""\s*,\s*"", "",""), "","")))<>"""" ) ) ) ),"""") "),"") | F13: FALSE | G13: =IF(F13=True, IFERROR(VLOOKUP(D13, Repository!A:B, 2, 0), ""), "") | J13: =IF(F13=True, IFERROR(VLOOKUP(D13, Repository!A:C, 3, 0), ""), "") | L13: =IF(F13=True, IFERROR(VLOOKUP(D13, Repository!A:E, 5, 0), ""), "") | N13: =IF(F13=True, IFERROR(VLOOKUP(D13, Repository!A:G, 7, 0), ""), "") | O13: =IFERROR(__xludf.DUMMYFUNCTION("ARRAY_CONSTRAIN( ARRAYFORMULA( IFERROR( LET( list, N13, arr, TRIM(SPLIT(list, "","")), names, XLOOKUP( arr, 'Conformance Score'!A:A, 'Conformance Score'!B:B, ""Not found"" "&" ), TEXTJOIN("", "", TRUE, names) ), """" ) ), 1, 1 ) "),"") | P13: =IF(F13="Yes", IFERROR(VLOOKUP(D13, Repository!A:F, 6, 0), ""), "") | Q13: =IF(F13="Yes", IFERROR(VLOOKUP(D13, Repository!A:I, 8, 0), ""), "") | R13: =IF(F13="Yes", IFERROR(VLOOKUP(D13, Repository!A:J, 9, 0), ""), "") | AI13: =IF(L13="","", IF(L13="Blocker",1, IF(L13="Critical",2, IF(L13="Major",3, IF(L13="Minor",4,""))))) | AJ13: =IF(P13="","", IF(P13="A",1, IF(P13="AA",2, IF(P13="AAA",3,""))))
B14: =IFERROR(__xludf.DUMMYFUNCTION("ARRAY_CONSTRAIN( ARRAYFORMULA( IF( 'Final Report'!A14="""", """", TEXTJOIN( "", "" & CHAR(10), TRUE, IFERROR( VLOOKUP( TRIM( SPLIT('Final Report'!A14, "","") )"&", 'URL Details'!A:B, 2, FALSE ), """" ) ) ) ), 1, 1 ) "),"") | C14: =IFERROR(__xludf.DUMMYFUNCTION("IFERROR(IF('Final Report'!A14="""","""", TEXTJOIN(CHAR(10), TRUE, ARRAYFORMULA( ""• ""& FILTER( TRIM(FLATTEN(SPLIT( REGEXREPLACE( SUBSTITUTE(TEXTJOIN("","", TRUE, IFERROR(ARRAYFORMULA(VLOOKUP(TRIM(SPLIT('Final Report'!A14, "","")), 'URL Details'!A:D, 4, F"&"ALSE)),"""") ), CHAR(10), "",""), ""\s*,\s*"", "",""), "",""))), TRIM(FLATTEN(SPLIT( REGEXREPLACE( SUBSTITUTE(TEXTJOIN("","", TRUE, IFERROR(ARRAYFORMULA(VLOOKUP(TRIM(SPLIT('Final Report'!A14, "","")), 'URL Details'!A:D, 4, FALSE)),"""") ), CHAR(10), "","""&"), ""\s*,\s*"", "",""), "","")))<>"""" ) ) ) ),"""") "),"") | F14: FALSE | G14: =IF(F14=True, IFERROR(VLOOKUP(D14, Repository!A:B, 2, 0), ""), "") | J14: =IF(F14=True, IFERROR(VLOOKUP(D14, Repository!A:C, 3, 0), ""), "") | L14: =IF(F14=True, IFERROR(VLOOKUP(D14, Repository!A:E, 5, 0), ""), "") | N14: =IF(F14=True, IFERROR(VLOOKUP(D14, Repository!A:G, 7, 0), ""), "") | O14: =IFERROR(__xludf.DUMMYFUNCTION("ARRAY_CONSTRAIN( ARRAYFORMULA( IFERROR( LET( list, N14, arr, TRIM(SPLIT(list, "","")), names, XLOOKUP( arr, 'Conformance Score'!A:A, 'Conformance Score'!B:B, ""Not found"" "&" ), TEXTJOIN("", "", TRUE, names) ), """" ) ), 1, 1 ) "),"") | P14: =IF(F14="Yes", IFERROR(VLOOKUP(D14, Repository!A:F, 6, 0), ""), "") | Q14: =IF(F14="Yes", IFERROR(VLOOKUP(D14, Repository!A:I, 8, 0), ""), "") | R14: =IF(F14="Yes", IFERROR(VLOOKUP(D14, Repository!A:J, 9, 0), ""), "") | AI14: =IF(L14="","", IF(L14="Blocker",1, IF(L14="Critical",2, IF(L14="Major",3, IF(L14="Minor",4,""))))) | AJ14: =IF(P14="","", IF(P14="A",1, IF(P14="AA",2, IF(P14="AAA",3,""))))
B15: =IFERROR(__xludf.DUMMYFUNCTION("ARRAY_CONSTRAIN( ARRAYFORMULA( IF( 'Final Report'!A15="""", """", TEXTJOIN( "", "" & CHAR(10), TRUE, IFERROR( VLOOKUP( TRIM( SPLIT('Final Report'!A15, "","") )"&", 'URL Details'!A:B, 2, FALSE ), """" ) ) ) ), 1, 1 ) "),"") | C15: =IFERROR(__xludf.DUMMYFUNCTION("IFERROR(IF('Final Report'!A15="""","""", TEXTJOIN(CHAR(10), TRUE, ARRAYFORMULA( ""• ""& FILTER( TRIM(FLATTEN(SPLIT( REGEXREPLACE( SUBSTITUTE(TEXTJOIN("","", TRUE, IFERROR(ARRAYFORMULA(VLOOKUP(TRIM(SPLIT('Final Report'!A15, "","")), 'URL Details'!A:D, 4, F"&"ALSE)),"""") ), CHAR(10), "",""), ""\s*,\s*"", "",""), "",""))), TRIM(FLATTEN(SPLIT( REGEXREPLACE( SUBSTITUTE(TEXTJOIN("","", TRUE, IFERROR(ARRAYFORMULA(VLOOKUP(TRIM(SPLIT('Final Report'!A15, "","")), 'URL Details'!A:D, 4, FALSE)),"""") ), CHAR(10), "","""&"), ""\s*,\s*"", "",""), "","")))<>"""" ) ) ) ),"""") "),"") | F15: FALSE | G15: =IF(F15=True, IFERROR(VLOOKUP(D15, Repository!A:B, 2, 0), ""), "") | J15: =IF(F15=True, IFERROR(VLOOKUP(D15, Repository!A:C, 3, 0), ""), "") | L15: =IF(F15=True, IFERROR(VLOOKUP(D15, Repository!A:E, 5, 0), ""), "") | N15: =IF(F15=True, IFERROR(VLOOKUP(D15, Repository!A:G, 7, 0), ""), "") | O15: =IFERROR(__xludf.DUMMYFUNCTION("ARRAY_CONSTRAIN( ARRAYFORMULA( IFERROR( LET( list, N15, arr, TRIM(SPLIT(list, "","")), names, XLOOKUP( arr, 'Conformance Score'!A:A, 'Conformance Score'!B:B, ""Not found"" "&" ), TEXTJOIN("", "", TRUE, names) ), """" ) ), 1, 1 ) "),"") | P15: =IF(F15="Yes", IFERROR(VLOOKUP(D15, Repository!A:F, 6, 0), ""), "") | Q15: =IF(F15="Yes", IFERROR(VLOOKUP(D15, Repository!A:I, 8, 0), ""), "") | R15: =IF(F15="Yes", IFERROR(VLOOKUP(D15, Repository!A:J, 9, 0), ""), "") | AI15: =IF(L15="","", IF(L15="Blocker",1, IF(L15="Critical",2, IF(L15="Major",3, IF(L15="Minor",4,""))))) | AJ15: =IF(P15="","", IF(P15="A",1, IF(P15="AA",2, IF(P15="AAA",3,""))))
B16: =IFERROR(__xludf.DUMMYFUNCTION("ARRAY_CONSTRAIN( ARRAYFORMULA( IF( 'Final Report'!A16="""", """", TEXTJOIN( "", "" & CHAR(10), TRUE, IFERROR( VLOOKUP( TRIM( SPLIT('Final Report'!A16, "","") )"&", 'URL Details'!A:B, 2, FALSE ), """" ) ) ) ), 1, 1 ) "),"") | C16: =IFERROR(__xludf.DUMMYFUNCTION("IFERROR(IF('Final Report'!A16="""","""", TEXTJOIN(CHAR(10), TRUE, ARRAYFORMULA( ""• ""& FILTER( TRIM(FLATTEN(SPLIT( REGEXREPLACE( SUBSTITUTE(TEXTJOIN("","", TRUE, IFERROR(ARRAYFORMULA(VLOOKUP(TRIM(SPLIT('Final Report'!A16, "","")), 'URL Details'!A:D, 4, F"&"ALSE)),"""") ), CHAR(10), "",""), ""\s*,\s*"", "",""), "",""))), TRIM(FLATTEN(SPLIT( REGEXREPLACE( SUBSTITUTE(TEXTJOIN("","", TRUE, IFERROR(ARRAYFORMULA(VLOOKUP(TRIM(SPLIT('Final Report'!A16, "","")), 'URL Details'!A:D, 4, FALSE)),"""") ), CHAR(10), "","""&"), ""\s*,\s*"", "",""), "","")))<>"""" ) ) ) ),"""") "),"") | F16: FALSE | G16: =IF(F16=True, IFERROR(VLOOKUP(D16, Repository!A:B, 2, 0), ""), "") | J16: =IF(F16=True, IFERROR(VLOOKUP(D16, Repository!A:C, 3, 0), ""), "") | L16: =IF(F16=True, IFERROR(VLOOKUP(D16, Repository!A:E, 5, 0), ""), "") | N16: =IF(F16=True, IFERROR(VLOOKUP(D16, Repository!A:G, 7, 0), ""), "") | O16: =IFERROR(__xludf.DUMMYFUNCTION("ARRAY_CONSTRAIN( ARRAYFORMULA( IFERROR( LET( list, N16, arr, TRIM(SPLIT(list, "","")), names, XLOOKUP( arr, 'Conformance Score'!A:A, 'Conformance Score'!B:B, ""Not found"" "&" ), TEXTJOIN("", "", TRUE, names) ), """" ) ), 1, 1 ) "),"") | P16: =IF(F16="Yes", IFERROR(VLOOKUP(D16, Repository!A:F, 6, 0), ""), "") | Q16: =IF(F16="Yes", IFERROR(VLOOKUP(D16, Repository!A:I, 8, 0), ""), "") | R16: =IF(F16="Yes", IFERROR(VLOOKUP(D16, Repository!A:J, 9, 0), ""), "") | AI16: =IF(L16="","", IF(L16="Blocker",1, IF(L16="Critical",2, IF(L16="Major",3, IF(L16="Minor",4,""))))) | AJ16: =IF(P16="","", IF(P16="A",1, IF(P16="AA",2, IF(P16="AAA",3,""))))
B17: =IFERROR(__xludf.DUMMYFUNCTION("ARRAY_CONSTRAIN( ARRAYFORMULA( IF( 'Final Report'!A17="""", """", TEXTJOIN( "", "" & CHAR(10), TRUE, IFERROR( VLOOKUP( TRIM( SPLIT('Final Report'!A17, "","") )"&", 'URL Details'!A:B, 2, FALSE ), """" ) ) ) ), 1, 1 ) "),"") | C17: =IFERROR(__xludf.DUMMYFUNCTION("IFERROR(IF('Final Report'!A17="""","""", TEXTJOIN(CHAR(10), TRUE, ARRAYFORMULA( ""• ""& FILTER( TRIM(FLATTEN(SPLIT( REGEXREPLACE( SUBSTITUTE(TEXTJOIN("","", TRUE, IFERROR(ARRAYFORMULA(VLOOKUP(TRIM(SPLIT('Final Report'!A17, "","")), 'URL Details'!A:D, 4, F"&"ALSE)),"""") ), CHAR(10), "",""), ""\s*,\s*"", "",""), "",""))), TRIM(FLATTEN(SPLIT( REGEXREPLACE( SUBSTITUTE(TEXTJOIN("","", TRUE, IFERROR(ARRAYFORMULA(VLOOKUP(TRIM(SPLIT('Final Report'!A17, "","")), 'URL Details'!A:D, 4, FALSE)),"""") ), CHAR(10), "","""&"), ""\s*,\s*"", "",""), "","")))<>"""" ) ) ) ),"""") "),"") | F17: FALSE | G17: =IF(F17=True, IFERROR(VLOOKUP(D17, Repository!A:B, 2, 0), ""), "") | J17: =IF(F17=True, IFERROR(VLOOKUP(D17, Repository!A:C, 3, 0), ""), "") | L17: =IF(F17=True, IFERROR(VLOOKUP(D17, Repository!A:E, 5, 0), ""), "") | N17: =IF(F17=True, IFERROR(VLOOKUP(D17, Repository!A:G, 7, 0), ""), "") | O17: =IFERROR(__xludf.DUMMYFUNCTION("ARRAY_CONSTRAIN( ARRAYFORMULA( IFERROR( LET( list, N17, arr, TRIM(SPLIT(list, "","")), names, XLOOKUP( arr, 'Conformance Score'!A:A, 'Conformance Score'!B:B, ""Not found"" "&" ), TEXTJOIN("", "", TRUE, names) ), """" ) ), 1, 1 ) "),"") | P17: =IF(F17="Yes", IFERROR(VLOOKUP(D17, Repository!A:F, 6, 0), ""), "") | Q17: =IF(F17="Yes", IFERROR(VLOOKUP(D17, Repository!A:I, 8, 0), ""), "") | R17: =IF(F17="Yes", IFERROR(VLOOKUP(D17, Repository!A:J, 9, 0), ""), "") | AI17: =IF(L17="","", IF(L17="Blocker",1, IF(L17="Critical",2, IF(L17="Major",3, IF(L17="Minor",4,""))))) | AJ17: =IF(P17="","", IF(P17="A",1, IF(P17="AA",2, IF(P17="AAA",3,""))))
B18: =IFERROR(__xludf.DUMMYFUNCTION("ARRAY_CONSTRAIN( ARRAYFORMULA( IF( 'Final Report'!A18="""", """", TEXTJOIN( "", "" & CHAR(10), TRUE, IFERROR( VLOOKUP( TRIM( SPLIT('Final Report'!A18, "","") )"&", 'URL Details'!A:B, 2, FALSE ), """" ) ) ) ), 1, 1 ) "),"") | C18: =IFERROR(__xludf.DUMMYFUNCTION("IFERROR(IF('Final Report'!A18="""","""", TEXTJOIN(CHAR(10), TRUE, ARRAYFORMULA( ""• ""& FILTER( TRIM(FLATTEN(SPLIT( REGEXREPLACE( SUBSTITUTE(TEXTJOIN("","", TRUE, IFERROR(ARRAYFORMULA(VLOOKUP(TRIM(SPLIT('Final Report'!A18, "","")), 'URL Details'!A:D, 4, F"&"ALSE)),"""") ), CHAR(10), "",""), ""\s*,\s*"", "",""), "",""))), TRIM(FLATTEN(SPLIT( REGEXREPLACE( SUBSTITUTE(TEXTJOIN("","", TRUE, IFERROR(ARRAYFORMULA(VLOOKUP(TRIM(SPLIT('Final Report'!A18, "","")), 'URL Details'!A:D, 4, FALSE)),"""") ), CHAR(10), "","""&"), ""\s*,\s*"", "",""), "","")))<>"""" ) ) ) ),"""") "),"") | F18: FALSE | G18: =IF(F18=True, IFERROR(VLOOKUP(D18, Repository!A:B, 2, 0), ""), "") | J18: =IF(F18=True, IFERROR(VLOOKUP(D18, Repository!A:C, 3, 0), ""), "") | L18: =IF(F18=True, IFERROR(VLOOKUP(D18, Repository!A:E, 5, 0), ""), "") | N18: =IF(F18=True, IFERROR(VLOOKUP(D18, Repository!A:G, 7, 0), ""), "") | O18: =IFERROR(__xludf.DUMMYFUNCTION("ARRAY_CONSTRAIN( ARRAYFORMULA( IFERROR( LET( list, N18, arr, TRIM(SPLIT(list, "","")), names, XLOOKUP( arr, 'Conformance Score'!A:A, 'Conformance Score'!B:B, ""Not found"" "&" ), TEXTJOIN("", "", TRUE, names) ), """" ) ), 1, 1 ) "),"") | P18: =IF(F18="Yes", IFERROR(VLOOKUP(D18, Repository!A:F, 6, 0), ""), "") | Q18: =IF(F18="Yes", IFERROR(VLOOKUP(D18, Repository!A:I, 8, 0), ""), "") | R18: =IF(F18="Yes", IFERROR(VLOOKUP(D18, Repository!A:J, 9, 0), ""), "") | AI18: =IF(L18="","", IF(L18="Blocker",1, IF(L18="Critical",2, IF(L18="Major",3, IF(L18="Minor",4,""))))) | AJ18: =IF(P18="","", IF(P18="A",1, IF(P18="AA",2, IF(P18="AAA",3,""))))
B19: =IFERROR(__xludf.DUMMYFUNCTION("ARRAY_CONSTRAIN( ARRAYFORMULA( IF( 'Final Report'!A19="""", """", TEXTJOIN( "", "" & CHAR(10), TRUE, IFERROR( VLOOKUP( TRIM( SPLIT('Final Report'!A19, "","") )"&", 'URL Details'!A:B, 2, FALSE ), """" ) ) ) ), 1, 1 ) "),"") | C19: =IFERROR(__xludf.DUMMYFUNCTION("IFERROR(IF('Final Report'!A19="""","""", TEXTJOIN(CHAR(10), TRUE, ARRAYFORMULA( ""• ""& FILTER( TRIM(FLATTEN(SPLIT( REGEXREPLACE( SUBSTITUTE(TEXTJOIN("","", TRUE, IFERROR(ARRAYFORMULA(VLOOKUP(TRIM(SPLIT('Final Report'!A19, "","")), 'URL Details'!A:D, 4, F"&"ALSE)),"""") ), CHAR(10), "",""), ""\s*,\s*"", "",""), "",""))), TRIM(FLATTEN(SPLIT( REGEXREPLACE( SUBSTITUTE(TEXTJOIN("","", TRUE, IFERROR(ARRAYFORMULA(VLOOKUP(TRIM(SPLIT('Final Report'!A19, "","")), 'URL Details'!A:D, 4, FALSE)),"""") ), CHAR(10), "","""&"), ""\s*,\s*"", "",""), "","")))<>"""" ) ) ) ),"""") "),"") | F19: FALSE | G19: =IF(F19=True, IFERROR(VLOOKUP(D19, Repository!A:B, 2, 0), ""), "") | J19: =IF(F19=True, IFERROR(VLOOKUP(D19, Repository!A:C, 3, 0), ""), "") | L19: =IF(F19=True, IFERROR(VLOOKUP(D19, Repository!A:E, 5, 0), ""), "") | N19: =IF(F19=True, IFERROR(VLOOKUP(D19, Repository!A:G, 7, 0), ""), "") | O19: =IFERROR(__xludf.DUMMYFUNCTION("ARRAY_CONSTRAIN( ARRAYFORMULA( IFERROR( LET( list, N19, arr, TRIM(SPLIT(list, "","")), names, XLOOKUP( arr, 'Conformance Score'!A:A, 'Conformance Score'!B:B, ""Not found"" "&" ), TEXTJOIN("", "", TRUE, names) ), """" ) ), 1, 1 ) "),"") | P19: =IF(F19="Yes", IFERROR(VLOOKUP(D19, Repository!A:F, 6, 0), ""), "") | Q19: =IF(F19="Yes", IFERROR(VLOOKUP(D19, Repository!A:I, 8, 0), ""), "") | R19: =IF(F19="Yes", IFERROR(VLOOKUP(D19, Repository!A:J, 9, 0), ""), "") | AI19: =IF(L19="","", IF(L19="Blocker",1, IF(L19="Critical",2, IF(L19="Major",3, IF(L19="Minor",4,""))))) | AJ19: =IF(P19="","", IF(P19="A",1, IF(P19="AA",2, IF(P19="AAA",3,""))))
B20: =IFERROR(__xludf.DUMMYFUNCTION("ARRAY_CONSTRAIN( ARRAYFORMULA( IF( 'Final Report'!A20="""", """", TEXTJOIN( "", "" & CHAR(10), TRUE, IFERROR( VLOOKUP( TRIM( SPLIT('Final Report'!A20, "","") )"&", 'URL Details'!A:B, 2, FALSE ), """" ) ) ) ), 1, 1 ) "),"") | C20: =IFERROR(__xludf.DUMMYFUNCTION("IFERROR(IF('Final Report'!A20="""","""", TEXTJOIN(CHAR(10), TRUE, ARRAYFORMULA( ""• ""& FILTER( TRIM(FLATTEN(SPLIT( REGEXREPLACE( SUBSTITUTE(TEXTJOIN("","", TRUE, IFERROR(ARRAYFORMULA(VLOOKUP(TRIM(SPLIT('Final Report'!A20, "","")), 'URL Details'!A:D, 4, F"&"ALSE)),"""") ), CHAR(10), "",""), ""\s*,\s*"", "",""), "",""))), TRIM(FLATTEN(SPLIT( REGEXREPLACE( SUBSTITUTE(TEXTJOIN("","", TRUE, IFERROR(ARRAYFORMULA(VLOOKUP(TRIM(SPLIT('Final Report'!A20, "","")), 'URL Details'!A:D, 4, FALSE)),"""") ), CHAR(10), "","""&"), ""\s*,\s*"", "",""), "","")))<>"""" ) ) ) ),"""") "),"") | F20: FALSE | G20: =IF(F20=True, IFERROR(VLOOKUP(D20, Repository!A:B, 2, 0), ""), "") | J20: =IF(F20=True, IFERROR(VLOOKUP(D20, Repository!A:C, 3, 0), ""), "") | L20: =IF(F20=True, IFERROR(VLOOKUP(D20, Repository!A:E, 5, 0), ""), "") | N20: =IF(F20=True, IFERROR(VLOOKUP(D20, Repository!A:G, 7, 0), ""), "") | O20: =IFERROR(__xludf.DUMMYFUNCTION("ARRAY_CONSTRAIN( ARRAYFORMULA( IFERROR( LET( list, N20, arr, TRIM(SPLIT(list, "","")), names, XLOOKUP( arr, 'Conformance Score'!A:A, 'Conformance Score'!B:B, ""Not found"" "&" ), TEXTJOIN("", "", TRUE, names) ), """" ) ), 1, 1 ) "),"") | P20: =IF(F20="Yes", IFERROR(VLOOKUP(D20, Repository!A:F, 6, 0), ""), "") | Q20: =IF(F20="Yes", IFERROR(VLOOKUP(D20, Repository!A:I, 8, 0), ""), "") | R20: =IF(F20="Yes", IFERROR(VLOOKUP(D20, Repository!A:J, 9, 0), ""), "") | AI20: =IF(L20="","", IF(L20="Blocker",1, IF(L20="Critical",2, IF(L20="Major",3, IF(L20="Minor",4,""))))) | AJ20: =IF(P20="","", IF(P20="A",1, IF(P20="AA",2, IF(P20="AAA",3,""))))
B21: =IFERROR(__xludf.DUMMYFUNCTION("ARRAY_CONSTRAIN( ARRAYFORMULA( IF( 'Final Report'!A21="""", """", TEXTJOIN( "", "" & CHAR(10), TRUE, IFERROR( VLOOKUP( TRIM( SPLIT('Final Report'!A21, "","") )"&", 'URL Details'!A:B, 2, FALSE ), """" ) ) ) ), 1, 1 ) "),"") | C21: =IFERROR(__xludf.DUMMYFUNCTION("IFERROR(IF('Final Report'!A21="""","""", TEXTJOIN(CHAR(10), TRUE, ARRAYFORMULA( ""• ""& FILTER( TRIM(FLATTEN(SPLIT( REGEXREPLACE( SUBSTITUTE(TEXTJOIN("","", TRUE, IFERROR(ARRAYFORMULA(VLOOKUP(TRIM(SPLIT('Final Report'!A21, "","")), 'URL Details'!A:D, 4, F"&"ALSE)),"""") ), CHAR(10), "",""), ""\s*,\s*"", "",""), "",""))), TRIM(FLATTEN(SPLIT( REGEXREPLACE( SUBSTITUTE(TEXTJOIN("","", TRUE, IFERROR(ARRAYFORMULA(VLOOKUP(TRIM(SPLIT('Final Report'!A21, "","")), 'URL Details'!A:D, 4, FALSE)),"""") ), CHAR(10), "","""&"), ""\s*,\s*"", "",""), "","")))<>"""" ) ) ) ),"""") "),"") | F21: FALSE | G21: =IF(F21=True, IFERROR(VLOOKUP(D21, Repository!A:B, 2, 0), ""), "") | J21: =IF(F21=True, IFERROR(VLOOKUP(D21, Repository!A:C, 3, 0), ""), "") | L21: =IF(F21=True, IFERROR(VLOOKUP(D21, Repository!A:E, 5, 0), ""), "") | N21: =IF(F21=True, IFERROR(VLOOKUP(D21, Repository!A:G, 7, 0), ""), "") | O21: =IFERROR(__xludf.DUMMYFUNCTION("ARRAY_CONSTRAIN( ARRAYFORMULA( IFERROR( LET( list, N21, arr, TRIM(SPLIT(list, "","")), names, XLOOKUP( arr, 'Conformance Score'!A:A, 'Conformance Score'!B:B, ""Not found"" "&" ), TEXTJOIN("", "", TRUE, names) ), """" ) ), 1, 1 ) "),"") | P21: =IF(F21="Yes", IFERROR(VLOOKUP(D21, Repository!A:F, 6, 0), ""), "") | Q21: =IF(F21="Yes", IFERROR(VLOOKUP(D21, Repository!A:I, 8, 0), ""), "") | R21: =IF(F21="Yes", IFERROR(VLOOKUP(D21, Repository!A:J, 9, 0), ""), "") | AI21: =IF(L21="","", IF(L21="Blocker",1, IF(L21="Critical",2, IF(L21="Major",3, IF(L21="Minor",4,""))))) | AJ21: =IF(P21="","", IF(P21="A",1, IF(P21="AA",2, IF(P21="AAA",3,""))))
B22: =IFERROR(__xludf.DUMMYFUNCTION("ARRAY_CONSTRAIN( ARRAYFORMULA( IF( 'Final Report'!A22="""", """", TEXTJOIN( "", "" & CHAR(10), TRUE, IFERROR( VLOOKUP( TRIM( SPLIT('Final Report'!A22, "","") )"&", 'URL Details'!A:B, 2, FALSE ), """" ) ) ) ), 1, 1 ) "),"") | C22: =IFERROR(__xludf.DUMMYFUNCTION("IFERROR(IF('Final Report'!A22="""","""", TEXTJOIN(CHAR(10), TRUE, ARRAYFORMULA( ""• ""& FILTER( TRIM(FLATTEN(SPLIT( REGEXREPLACE( SUBSTITUTE(TEXTJOIN("","", TRUE, IFERROR(ARRAYFORMULA(VLOOKUP(TRIM(SPLIT('Final Report'!A22, "","")), 'URL Details'!A:D, 4, F"&"ALSE)),"""") ), CHAR(10), "",""), ""\s*,\s*"", "",""), "",""))), TRIM(FLATTEN(SPLIT( REGEXREPLACE( SUBSTITUTE(TEXTJOIN("","", TRUE, IFERROR(ARRAYFORMULA(VLOOKUP(TRIM(SPLIT('Final Report'!A22, "","")), 'URL Details'!A:D, 4, FALSE)),"""") ), CHAR(10), "","""&"), ""\s*,\s*"", "",""), "","")))<>"""" ) ) ) ),"""") "),"") | F22: FALSE | G22: =IF(F22=True, IFERROR(VLOOKUP(D22, Repository!A:B, 2, 0), ""), "") | J22: =IF(F22=True, IFERROR(VLOOKUP(D22, Repository!A:C, 3, 0), ""), "") | L22: =IF(F22=True, IFERROR(VLOOKUP(D22, Repository!A:E, 5, 0), ""), "") | N22: =IF(F22=True, IFERROR(VLOOKUP(D22, Repository!A:G, 7, 0), ""), "") | O22: =IFERROR(__xludf.DUMMYFUNCTION("ARRAY_CONSTRAIN( ARRAYFORMULA( IFERROR( LET( list, N22, arr, TRIM(SPLIT(list, "","")), names, XLOOKUP( arr, 'Conformance Score'!A:A, 'Conformance Score'!B:B, ""Not found"" "&" ), TEXTJOIN("", "", TRUE, names) ), """" ) ), 1, 1 ) "),"") | P22: =IF(F22="Yes", IFERROR(VLOOKUP(D22, Repository!A:F, 6, 0), ""), "") | Q22: =IF(F22="Yes", IFERROR(VLOOKUP(D22, Repository!A:I, 8, 0), ""), "") | R22: =IF(F22="Yes", IFERROR(VLOOKUP(D22, Repository!A:J, 9, 0), ""), "") | AI22: =IF(L22="","", IF(L22="Blocker",1, IF(L22="Critical",2, IF(L22="Major",3, IF(L22="Minor",4,""))))) | AJ22: =IF(P22="","", IF(P22="A",1, IF(P22="AA",2, IF(P22="AAA",3,""))))
B23: =IFERROR(__xludf.DUMMYFUNCTION("ARRAY_CONSTRAIN( ARRAYFORMULA( IF( 'Final Report'!A23="""", """", TEXTJOIN( "", "" & CHAR(10), TRUE, IFERROR( VLOOKUP( TRIM( SPLIT('Final Report'!A23, "","") )"&", 'URL Details'!A:B, 2, FALSE ), """" ) ) ) ), 1, 1 ) "),"") | C23: =IFERROR(__xludf.DUMMYFUNCTION("IFERROR(IF('Final Report'!A23="""","""", TEXTJOIN(CHAR(10), TRUE, ARRAYFORMULA( ""• ""& FILTER( TRIM(FLATTEN(SPLIT( REGEXREPLACE( SUBSTITUTE(TEXTJOIN("","", TRUE, IFERROR(ARRAYFORMULA(VLOOKUP(TRIM(SPLIT('Final Report'!A23, "","")), 'URL Details'!A:D, 4, F"&"ALSE)),"""") ), CHAR(10), "",""), ""\s*,\s*"", "",""), "",""))), TRIM(FLATTEN(SPLIT( REGEXREPLACE( SUBSTITUTE(TEXTJOIN("","", TRUE, IFERROR(ARRAYFORMULA(VLOOKUP(TRIM(SPLIT('Final Report'!A23, "","")), 'URL Details'!A:D, 4, FALSE)),"""") ), CHAR(10), "","""&"), ""\s*,\s*"", "",""), "","")))<>"""" ) ) ) ),"""") "),"") | F23: FALSE | G23: =IF(F23=True, IFERROR(VLOOKUP(D23, Repository!A:B, 2, 0), ""), "") | J23: =IF(F23=True, IFERROR(VLOOKUP(D23, Repository!A:C, 3, 0), ""), "") | L23: =IF(F23=True, IFERROR(VLOOKUP(D23, Repository!A:E, 5, 0), ""), "") | N23: =IF(F23=True, IFERROR(VLOOKUP(D23, Repository!A:G, 7, 0), ""), "") | O23: =IFERROR(__xludf.DUMMYFUNCTION("ARRAY_CONSTRAIN( ARRAYFORMULA( IFERROR( LET( list, N23, arr, TRIM(SPLIT(list, "","")), names, XLOOKUP( arr, 'Conformance Score'!A:A, 'Conformance Score'!B:B, ""Not found"" "&" ), TEXTJOIN("", "", TRUE, names) ), """" ) ), 1, 1 ) "),"") | P23: =IF(F23="Yes", IFERROR(VLOOKUP(D23, Repository!A:F, 6, 0), ""), "") | Q23: =IF(F23="Yes", IFERROR(VLOOKUP(D23, Repository!A:I, 8, 0), ""), "") | R23: =IF(F23="Yes", IFERROR(VLOOKUP(D23, Repository!A:J, 9, 0), ""), "") | AI23: =IF(L23="","", IF(L23="Blocker",1, IF(L23="Critical",2, IF(L23="Major",3, IF(L23="Minor",4,""))))) | AJ23: =IF(P23="","", IF(P23="A",1, IF(P23="AA",2, IF(P23="AAA",3,""))))
B24: =IFERROR(__xludf.DUMMYFUNCTION("ARRAY_CONSTRAIN( ARRAYFORMULA( IF( 'Final Report'!A24="""", """", TEXTJOIN( "", "" & CHAR(10), TRUE, IFERROR( VLOOKUP( TRIM( SPLIT('Final Report'!A24, "","") )"&", 'URL Details'!A:B, 2, FALSE ), """" ) ) ) ), 1, 1 ) "),"") | C24: =IFERROR(__xludf.DUMMYFUNCTION("IFERROR(IF('Final Report'!A24="""","""", TEXTJOIN(CHAR(10), TRUE, ARRAYFORMULA( ""• ""& FILTER( TRIM(FLATTEN(SPLIT( REGEXREPLACE( SUBSTITUTE(TEXTJOIN("","", TRUE, IFERROR(ARRAYFORMULA(VLOOKUP(TRIM(SPLIT('Final Report'!A24, "","")), 'URL Details'!A:D, 4, F"&"ALSE)),"""") ), CHAR(10), "",""), ""\s*,\s*"", "",""), "",""))), TRIM(FLATTEN(SPLIT( REGEXREPLACE( SUBSTITUTE(TEXTJOIN("","", TRUE, IFERROR(ARRAYFORMULA(VLOOKUP(TRIM(SPLIT('Final Report'!A24, "","")), 'URL Details'!A:D, 4, FALSE)),"""") ), CHAR(10), "","""&"), ""\s*,\s*"", "",""), "","")))<>"""" ) ) ) ),"""") "),"") | F24: FALSE | G24: =IF(F24=True, IFERROR(VLOOKUP(D24, Repository!A:B, 2, 0), ""), "") | J24: =IF(F24=True, IFERROR(VLOOKUP(D24, Repository!A:C, 3, 0), ""), "") | L24: =IF(F24=True, IFERROR(VLOOKUP(D24, Repository!A:E, 5, 0), ""), "") | N24: =IF(F24=True, IFERROR(VLOOKUP(D24, Repository!A:G, 7, 0), ""), "") | O24: =IFERROR(__xludf.DUMMYFUNCTION("ARRAY_CONSTRAIN( ARRAYFORMULA( IFERROR( LET( list, N24, arr, TRIM(SPLIT(list, "","")), names, XLOOKUP( arr, 'Conformance Score'!A:A, 'Conformance Score'!B:B, ""Not found"" "&" ), TEXTJOIN("", "", TRUE, names) ), """" ) ), 1, 1 ) "),"") | P24: =IF(F24="Yes", IFERROR(VLOOKUP(D24, Repository!A:F, 6, 0), ""), "") | Q24: =IF(F24="Yes", IFERROR(VLOOKUP(D24, Repository!A:I, 8, 0), ""), "") | R24: =IF(F24="Yes", IFERROR(VLOOKUP(D24, Repository!A:J, 9, 0), ""), "") | AI24: =IF(L24="","", IF(L24="Blocker",1, IF(L24="Critical",2, IF(L24="Major",3, IF(L24="Minor",4,""))))) | AJ24: =IF(P24="","", IF(P24="A",1, IF(P24="AA",2, IF(P24="AAA",3,""))))
B25: =IFERROR(__xludf.DUMMYFUNCTION("ARRAY_CONSTRAIN( ARRAYFORMULA( IF( 'Final Report'!A25="""", """", TEXTJOIN( "", "" & CHAR(10), TRUE, IFERROR( VLOOKUP( TRIM( SPLIT('Final Report'!A25, "","") )"&", 'URL Details'!A:B, 2, FALSE ), """" ) ) ) ), 1, 1 ) "),"") | C25: =IFERROR(__xludf.DUMMYFUNCTION("IFERROR(IF('Final Report'!A25="""","""", TEXTJOIN(CHAR(10), TRUE, ARRAYFORMULA( ""• ""& FILTER( TRIM(FLATTEN(SPLIT( REGEXREPLACE( SUBSTITUTE(TEXTJOIN("","", TRUE, IFERROR(ARRAYFORMULA(VLOOKUP(TRIM(SPLIT('Final Report'!A25, "","")), 'URL Details'!A:D, 4, F"&"ALSE)),"""") ), CHAR(10), "",""), ""\s*,\s*"", "",""), "",""))), TRIM(FLATTEN(SPLIT( REGEXREPLACE( SUBSTITUTE(TEXTJOIN("","", TRUE, IFERROR(ARRAYFORMULA(VLOOKUP(TRIM(SPLIT('Final Report'!A25, "","")), 'URL Details'!A:D, 4, FALSE)),"""") ), CHAR(10), "","""&"), ""\s*,\s*"", "",""), "","")))<>"""" ) ) ) ),"""") "),"") | F25: FALSE | G25: =IF(F25=True, IFERROR(VLOOKUP(D25, Repository!A:B, 2, 0), ""), "") | J25: =IF(F25=True, IFERROR(VLOOKUP(D25, Repository!A:C, 3, 0), ""), "") | L25: =IF(F25=True, IFERROR(VLOOKUP(D25, Repository!A:E, 5, 0), ""), "") | N25: =IF(F25=True, IFERROR(VLOOKUP(D25, Repository!A:G, 7, 0), ""), "") | O25: =IFERROR(__xludf.DUMMYFUNCTION("ARRAY_CONSTRAIN( ARRAYFORMULA( IFERROR( LET( list, N25, arr, TRIM(SPLIT(list, "","")), names, XLOOKUP( arr, 'Conformance Score'!A:A, 'Conformance Score'!B:B, ""Not found"" "&" ), TEXTJOIN("", "", TRUE, names) ), """" ) ), 1, 1 ) "),"") | P25: =IF(F25="Yes", IFERROR(VLOOKUP(D25, Repository!A:F, 6, 0), ""), "") | Q25: =IF(F25="Yes", IFERROR(VLOOKUP(D25, Repository!A:I, 8, 0), ""), "") | R25: =IF(F25="Yes", IFERROR(VLOOKUP(D25, Repository!A:J, 9, 0), ""), "") | AI25: =IF(L25="","", IF(L25="Blocker",1, IF(L25="Critical",2, IF(L25="Major",3, IF(L25="Minor",4,""))))) | AJ25: =IF(P25="","", IF(P25="A",1, IF(P25="AA",2, IF(P25="AAA",3,""))))
B26: =IFERROR(__xludf.DUMMYFUNCTION("ARRAY_CONSTRAIN( ARRAYFORMULA( IF( 'Final Report'!A26="""", """", TEXTJOIN( "", "" & CHAR(10), TRUE, IFERROR( VLOOKUP( TRIM( SPLIT('Final Report'!A26, "","") )"&", 'URL Details'!A:B, 2, FALSE ), """" ) ) ) ), 1, 1 ) "),"") | C26: =IFERROR(__xludf.DUMMYFUNCTION("IFERROR(IF('Final Report'!A26="""","""", TEXTJOIN(CHAR(10), TRUE, ARRAYFORMULA( ""• ""& FILTER( TRIM(FLATTEN(SPLIT( REGEXREPLACE( SUBSTITUTE(TEXTJOIN("","", TRUE, IFERROR(ARRAYFORMULA(VLOOKUP(TRIM(SPLIT('Final Report'!A26, "","")), 'URL Details'!A:D, 4, F"&"ALSE)),"""") ), CHAR(10), "",""), ""\s*,\s*"", "",""), "",""))), TRIM(FLATTEN(SPLIT( REGEXREPLACE( SUBSTITUTE(TEXTJOIN("","", TRUE, IFERROR(ARRAYFORMULA(VLOOKUP(TRIM(SPLIT('Final Report'!A26, "","")), 'URL Details'!A:D, 4, FALSE)),"""") ), CHAR(10), "","""&"), ""\s*,\s*"", "",""), "","")))<>"""" ) ) ) ),"""") "),"") | F26: FALSE | G26: =IF(F26=True, IFERROR(VLOOKUP(D26, Repository!A:B, 2, 0), ""), "") | J26: =IF(F26=True, IFERROR(VLOOKUP(D26, Repository!A:C, 3, 0), ""), "") | L26: =IF(F26=True, IFERROR(VLOOKUP(D26, Repository!A:E, 5, 0), ""), "") | N26: =IF(F26=True, IFERROR(VLOOKUP(D26, Repository!A:G, 7, 0), ""), "") | O26: =IFERROR(__xludf.DUMMYFUNCTION("ARRAY_CONSTRAIN( ARRAYFORMULA( IFERROR( LET( list, N26, arr, TRIM(SPLIT(list, "","")), names, XLOOKUP( arr, 'Conformance Score'!A:A, 'Conformance Score'!B:B, ""Not found"" "&" ), TEXTJOIN("", "", TRUE, names) ), """" ) ), 1, 1 ) "),"") | P26: =IF(F26="Yes", IFERROR(VLOOKUP(D26, Repository!A:F, 6, 0), ""), "") | Q26: =IF(F26="Yes", IFERROR(VLOOKUP(D26, Repository!A:I, 8, 0), ""), "") | R26: =IF(F26="Yes", IFERROR(VLOOKUP(D26, Repository!A:J, 9, 0), ""), "") | AI26: =IF(L26="","", IF(L26="Blocker",1, IF(L26="Critical",2, IF(L26="Major",3, IF(L26="Minor",4,""))))) | AJ26: =IF(P26="","", IF(P26="A",1, IF(P26="AA",2, IF(P26="AAA",3,""))))
B27: =IFERROR(__xludf.DUMMYFUNCTION("ARRAY_CONSTRAIN( ARRAYFORMULA( IF( 'Final Report'!A27="""", """", TEXTJOIN( "", "" & CHAR(10), TRUE, IFERROR( VLOOKUP( TRIM( SPLIT('Final Report'!A27, "","") )"&", 'URL Details'!A:B, 2, FALSE ), """" ) ) ) ), 1, 1 ) "),"") | C27: =IFERROR(__xludf.DUMMYFUNCTION("IFERROR(IF('Final Report'!A27="""","""", TEXTJOIN(CHAR(10), TRUE, ARRAYFORMULA( ""• ""& FILTER( TRIM(FLATTEN(SPLIT( REGEXREPLACE( SUBSTITUTE(TEXTJOIN("","", TRUE, IFERROR(ARRAYFORMULA(VLOOKUP(TRIM(SPLIT('Final Report'!A27, "","")), 'URL Details'!A:D, 4, F"&"ALSE)),"""") ), CHAR(10), "",""), ""\s*,\s*"", "",""), "",""))), TRIM(FLATTEN(SPLIT( REGEXREPLACE( SUBSTITUTE(TEXTJOIN("","", TRUE, IFERROR(ARRAYFORMULA(VLOOKUP(TRIM(SPLIT('Final Report'!A27, "","")), 'URL Details'!A:D, 4, FALSE)),"""") ), CHAR(10), "","""&"), ""\s*,\s*"", "",""), "","")))<>"""" ) ) ) ),"""") "),"") | F27: FALSE | G27: =IF(F27=True, IFERROR(VLOOKUP(D27, Repository!A:B, 2, 0), ""), "") | J27: =IF(F27=True, IFERROR(VLOOKUP(D27, Repository!A:C, 3, 0), ""), "") | L27: =IF(F27=True, IFERROR(VLOOKUP(D27, Repository!A:E, 5, 0), ""), "") | N27: =IF(F27=True, IFERROR(VLOOKUP(D27, Repository!A:G, 7, 0), ""), "") | O27: =IFERROR(__xludf.DUMMYFUNCTION("ARRAY_CONSTRAIN( ARRAYFORMULA( IFERROR( LET( list, N27, arr, TRIM(SPLIT(list, "","")), names, XLOOKUP( arr, 'Conformance Score'!A:A, 'Conformance Score'!B:B, ""Not found"" "&" ), TEXTJOIN("", "", TRUE, names) ), """" ) ), 1, 1 ) "),"") | P27: =IF(F27="Yes", IFERROR(VLOOKUP(D27, Repository!A:F, 6, 0), ""), "") | Q27: =IF(F27="Yes", IFERROR(VLOOKUP(D27, Repository!A:I, 8, 0), ""), "") | R27: =IF(F27="Yes", IFERROR(VLOOKUP(D27, Repository!A:J, 9, 0), ""), "") | AI27: =IF(L27="","", IF(L27="Blocker",1, IF(L27="Critical",2, IF(L27="Major",3, IF(L27="Minor",4,""))))) | AJ27: =IF(P27="","", IF(P27="A",1, IF(P27="AA",2, IF(P27="AAA",3,""))))
B28: =IFERROR(__xludf.DUMMYFUNCTION("ARRAY_CONSTRAIN( ARRAYFORMULA( IF( 'Final Report'!A28="""", """", TEXTJOIN( "", "" & CHAR(10), TRUE, IFERROR( VLOOKUP( TRIM( SPLIT('Final Report'!A28, "","") )"&", 'URL Details'!A:B, 2, FALSE ), """" ) ) ) ), 1, 1 ) "),"") | C28: =IFERROR(__xludf.DUMMYFUNCTION("IFERROR(IF('Final Report'!A28="""","""", TEXTJOIN(CHAR(10), TRUE, ARRAYFORMULA( ""• ""& FILTER( TRIM(FLATTEN(SPLIT( REGEXREPLACE( SUBSTITUTE(TEXTJOIN("","", TRUE, IFERROR(ARRAYFORMULA(VLOOKUP(TRIM(SPLIT('Final Report'!A28, "","")), 'URL Details'!A:D, 4, F"&"ALSE)),"""") ), CHAR(10), "",""), ""\s*,\s*"", "",""), "",""))), TRIM(FLATTEN(SPLIT( REGEXREPLACE( SUBSTITUTE(TEXTJOIN("","", TRUE, IFERROR(ARRAYFORMULA(VLOOKUP(TRIM(SPLIT('Final Report'!A28, "","")), 'URL Details'!A:D, 4, FALSE)),"""") ), CHAR(10), "","""&"), ""\s*,\s*"", "",""), "","")))<>"""" ) ) ) ),"""") "),"") | F28: FALSE | G28: =IF(F28=True, IFERROR(VLOOKUP(D28, Repository!A:B, 2, 0), ""), "") | J28: =IF(F28=True, IFERROR(VLOOKUP(D28, Repository!A:C, 3, 0), ""), "") | L28: =IF(F28=True, IFERROR(VLOOKUP(D28, Repository!A:E, 5, 0), ""), "") | N28: =IF(F28=True, IFERROR(VLOOKUP(D28, Repository!A:G, 7, 0), ""), "") | O28: =IFERROR(__xludf.DUMMYFUNCTION("ARRAY_CONSTRAIN( ARRAYFORMULA( IFERROR( LET( list, N28, arr, TRIM(SPLIT(list, "","")), names, XLOOKUP( arr, 'Conformance Score'!A:A, 'Conformance Score'!B:B, ""Not found"" "&" ), TEXTJOIN("", "", TRUE, names) ), """" ) ), 1, 1 ) "),"") | P28: =IF(F28="Yes", IFERROR(VLOOKUP(D28, Repository!A:F, 6, 0), ""), "") | Q28: =IF(F28="Yes", IFERROR(VLOOKUP(D28, Repository!A:I, 8, 0), ""), "") | R28: =IF(F28="Yes", IFERROR(VLOOKUP(D28, Repository!A:J, 9, 0), ""), "") | AI28: =IF(L28="","", IF(L28="Blocker",1, IF(L28="Critical",2, IF(L28="Major",3, IF(L28="Minor",4,""))))) | AJ28: =IF(P28="","", IF(P28="A",1, IF(P28="AA",2, IF(P28="AAA",3,""))))
B29: =IFERROR(__xludf.DUMMYFUNCTION("ARRAY_CONSTRAIN( ARRAYFORMULA( IF( 'Final Report'!A29="""", """", TEXTJOIN( "", "" & CHAR(10), TRUE, IFERROR( VLOOKUP( TRIM( SPLIT('Final Report'!A29, "","") )"&", 'URL Details'!A:B, 2, FALSE ), """" ) ) ) ), 1, 1 ) "),"") | C29: =IFERROR(__xludf.DUMMYFUNCTION("IFERROR(IF('Final Report'!A29="""","""", TEXTJOIN(CHAR(10), TRUE, ARRAYFORMULA( ""• ""& FILTER( TRIM(FLATTEN(SPLIT( REGEXREPLACE( SUBSTITUTE(TEXTJOIN("","", TRUE, IFERROR(ARRAYFORMULA(VLOOKUP(TRIM(SPLIT('Final Report'!A29, "","")), 'URL Details'!A:D, 4, F"&"ALSE)),"""") ), CHAR(10), "",""), ""\s*,\s*"", "",""), "",""))), TRIM(FLATTEN(SPLIT( REGEXREPLACE( SUBSTITUTE(TEXTJOIN("","", TRUE, IFERROR(ARRAYFORMULA(VLOOKUP(TRIM(SPLIT('Final Report'!A29, "","")), 'URL Details'!A:D, 4, FALSE)),"""") ), CHAR(10), "","""&"), ""\s*,\s*"", "",""), "","")))<>"""" ) ) ) ),"""") "),"") | F29: FALSE | G29: =IF(F29=True, IFERROR(VLOOKUP(D29, Repository!A:B, 2, 0), ""), "") | J29: =IF(F29=True, IFERROR(VLOOKUP(D29, Repository!A:C, 3, 0), ""), "") | L29: =IF(F29=True, IFERROR(VLOOKUP(D29, Repository!A:E, 5, 0), ""), "") | N29: =IF(F29=True, IFERROR(VLOOKUP(D29, Repository!A:G, 7, 0), ""), "") | O29: =IFERROR(__xludf.DUMMYFUNCTION("ARRAY_CONSTRAIN( ARRAYFORMULA( IFERROR( LET( list, N29, arr, TRIM(SPLIT(list, "","")), names, XLOOKUP( arr, 'Conformance Score'!A:A, 'Conformance Score'!B:B, ""Not found"" "&" ), TEXTJOIN("", "", TRUE, names) ), """" ) ), 1, 1 ) "),"") | P29: =IF(F29="Yes", IFERROR(VLOOKUP(D29, Repository!A:F, 6, 0), ""), "") | Q29: =IF(F29="Yes", IFERROR(VLOOKUP(D29, Repository!A:I, 8, 0), ""), "") | R29: =IF(F29="Yes", IFERROR(VLOOKUP(D29, Repository!A:J, 9, 0), ""), "") | AI29: =IF(L29="","", IF(L29="Blocker",1, IF(L29="Critical",2, IF(L29="Major",3, IF(L29="Minor",4,""))))) | AJ29: =IF(P29="","", IF(P29="A",1, IF(P29="AA",2, IF(P29="AAA",3,""))))
B30: =IFERROR(__xludf.DUMMYFUNCTION("ARRAY_CONSTRAIN( ARRAYFORMULA( IF( 'Final Report'!A30="""", """", TEXTJOIN( "", "" & CHAR(10), TRUE, IFERROR( VLOOKUP( TRIM( SPLIT('Final Report'!A30, "","") )"&", 'URL Details'!A:B, 2, FALSE ), """" ) ) ) ), 1, 1 ) "),"") | C30: =IFERROR(__xludf.DUMMYFUNCTION("IFERROR(IF('Final Report'!A30="""","""", TEXTJOIN(CHAR(10), TRUE, ARRAYFORMULA( ""• ""& FILTER( TRIM(FLATTEN(SPLIT( REGEXREPLACE( SUBSTITUTE(TEXTJOIN("","", TRUE, IFERROR(ARRAYFORMULA(VLOOKUP(TRIM(SPLIT('Final Report'!A30, "","")), 'URL Details'!A:D, 4, F"&"ALSE)),"""") ), CHAR(10), "",""), ""\s*,\s*"", "",""), "",""))), TRIM(FLATTEN(SPLIT( REGEXREPLACE( SUBSTITUTE(TEXTJOIN("","", TRUE, IFERROR(ARRAYFORMULA(VLOOKUP(TRIM(SPLIT('Final Report'!A30, "","")), 'URL Details'!A:D, 4, FALSE)),"""") ), CHAR(10), "","""&"), ""\s*,\s*"", "",""), "","")))<>"""" ) ) ) ),"""") "),"") | F30: FALSE | G30: =IF(F30=True, IFERROR(VLOOKUP(D30, Repository!A:B, 2, 0), ""), "") | J30: =IF(F30=True, IFERROR(VLOOKUP(D30, Repository!A:C, 3, 0), ""), "") | L30: =IF(F30=True, IFERROR(VLOOKUP(D30, Repository!A:E, 5, 0), ""), "") | N30: =IF(F30=True, IFERROR(VLOOKUP(D30, Repository!A:G, 7, 0), ""), "") | O30: =IFERROR(__xludf.DUMMYFUNCTION("ARRAY_CONSTRAIN( ARRAYFORMULA( IFERROR( LET( list, N30, arr, TRIM(SPLIT(list, "","")), names, XLOOKUP( arr, 'Conformance Score'!A:A, 'Conformance Score'!B:B, ""Not found"" "&" ), TEXTJOIN("", "", TRUE, names) ), """" ) ), 1, 1 ) "),"") | P30: =IF(F30="Yes", IFERROR(VLOOKUP(D30, Repository!A:F, 6, 0), ""), "") | Q30: =IF(F30="Yes", IFERROR(VLOOKUP(D30, Repository!A:I, 8, 0), ""), "") | R30: =IF(F30="Yes", IFERROR(VLOOKUP(D30, Repository!A:J, 9, 0), ""), "") | AI30: =IF(L30="","", IF(L30="Blocker",1, IF(L30="Critical",2, IF(L30="Major",3, IF(L30="Minor",4,""))))) | AJ30: =IF(P30="","", IF(P30="A",1, IF(P30="AA",2, IF(P30="AAA",3,""))))
B31: =IFERROR(__xludf.DUMMYFUNCTION("ARRAY_CONSTRAIN( ARRAYFORMULA( IF( 'Final Report'!A31="""", """", TEXTJOIN( "", "" & CHAR(10), TRUE, IFERROR( VLOOKUP( TRIM( SPLIT('Final Report'!A31, "","") )"&", 'URL Details'!A:B, 2, FALSE ), """" ) ) ) ), 1, 1 ) "),"") | C31: =IFERROR(__xludf.DUMMYFUNCTION("IFERROR(IF('Final Report'!A31="""","""", TEXTJOIN(CHAR(10), TRUE, ARRAYFORMULA( ""• ""& FILTER( TRIM(FLATTEN(SPLIT( REGEXREPLACE( SUBSTITUTE(TEXTJOIN("","", TRUE, IFERROR(ARRAYFORMULA(VLOOKUP(TRIM(SPLIT('Final Report'!A31, "","")), 'URL Details'!A:D, 4, F"&"ALSE)),"""") ), CHAR(10), "",""), ""\s*,\s*"", "",""), "",""))), TRIM(FLATTEN(SPLIT( REGEXREPLACE( SUBSTITUTE(TEXTJOIN("","", TRUE, IFERROR(ARRAYFORMULA(VLOOKUP(TRIM(SPLIT('Final Report'!A31, "","")), 'URL Details'!A:D, 4, FALSE)),"""") ), CHAR(10), "","""&"), ""\s*,\s*"", "",""), "","")))<>"""" ) ) ) ),"""") "),"") | F31: FALSE | G31: =IF(F31=True, IFERROR(VLOOKUP(D31, Repository!A:B, 2, 0), ""), "") | J31: =IF(F31=True, IFERROR(VLOOKUP(D31, Repository!A:C, 3, 0), ""), "") | L31: =IF(F31=True, IFERROR(VLOOKUP(D31, Repository!A:E, 5, 0), ""), "") | N31: =IF(F31=True, IFERROR(VLOOKUP(D31, Repository!A:G, 7, 0), ""), "") | O31: =IFERROR(__xludf.DUMMYFUNCTION("ARRAY_CONSTRAIN( ARRAYFORMULA( IFERROR( LET( list, N31, arr, TRIM(SPLIT(list, "","")), names, XLOOKUP( arr, 'Conformance Score'!A:A, 'Conformance Score'!B:B, ""Not found"" "&" ), TEXTJOIN("", "", TRUE, names) ), """" ) ), 1, 1 ) "),"") | P31: =IF(F31="Yes", IFERROR(VLOOKUP(D31, Repository!A:F, 6, 0), ""), "") | Q31: =IF(F31="Yes", IFERROR(VLOOKUP(D31, Repository!A:I, 8, 0), ""), "") | R31: =IF(F31="Yes", IFERROR(VLOOKUP(D31, Repository!A:J, 9, 0), ""), "") | AI31: =IF(L31="","", IF(L31="Blocker",1, IF(L31="Critical",2, IF(L31="Major",3, IF(L31="Minor",4,""))))) | AJ31: =IF(P31="","", IF(P31="A",1, IF(P31="AA",2, IF(P31="AAA",3,""))))
B32: =IFERROR(__xludf.DUMMYFUNCTION("ARRAY_CONSTRAIN( ARRAYFORMULA( IF( 'Final Report'!A32="""", """", TEXTJOIN( "", "" & CHAR(10), TRUE, IFERROR( VLOOKUP( TRIM( SPLIT('Final Report'!A32, "","") )"&", 'URL Details'!A:B, 2, FALSE ), """" ) ) ) ), 1, 1 ) "),"") | C32: =IFERROR(__xludf.DUMMYFUNCTION("IFERROR(IF('Final Report'!A32="""","""", TEXTJOIN(CHAR(10), TRUE, ARRAYFORMULA( ""• ""& FILTER( TRIM(FLATTEN(SPLIT( REGEXREPLACE( SUBSTITUTE(TEXTJOIN("","", TRUE, IFERROR(ARRAYFORMULA(VLOOKUP(TRIM(SPLIT('Final Report'!A32, "","")), 'URL Details'!A:D, 4, F"&"ALSE)),"""") ), CHAR(10), "",""), ""\s*,\s*"", "",""), "",""))), TRIM(FLATTEN(SPLIT( REGEXREPLACE( SUBSTITUTE(TEXTJOIN("","", TRUE, IFERROR(ARRAYFORMULA(VLOOKUP(TRIM(SPLIT('Final Report'!A32, "","")), 'URL Details'!A:D, 4, FALSE)),"""") ), CHAR(10), "","""&"), ""\s*,\s*"", "",""), "","")))<>"""" ) ) ) ),"""") "),"") | F32: FALSE | G32: =IF(F32=True, IFERROR(VLOOKUP(D32, Repository!A:B, 2, 0), ""), "") | J32: =IF(F32=True, IFERROR(VLOOKUP(D32, Repository!A:C, 3, 0), ""), "") | L32: =IF(F32=True, IFERROR(VLOOKUP(D32, Repository!A:E, 5, 0), ""), "") | N32: =IF(F32=True, IFERROR(VLOOKUP(D32, Repository!A:G, 7, 0), ""), "") | O32: =IFERROR(__xludf.DUMMYFUNCTION("ARRAY_CONSTRAIN( ARRAYFORMULA( IFERROR( LET( list, N32, arr, TRIM(SPLIT(list, "","")), names, XLOOKUP( arr, 'Conformance Score'!A:A, 'Conformance Score'!B:B, ""Not found"" "&" ), TEXTJOIN("", "", TRUE, names) ), """" ) ), 1, 1 ) "),"") | P32: =IF(F32="Yes", IFERROR(VLOOKUP(D32, Repository!A:F, 6, 0), ""), "") | Q32: =IF(F32="Yes", IFERROR(VLOOKUP(D32, Repository!A:I, 8, 0), ""), "") | R32: =IF(F32="Yes", IFERROR(VLOOKUP(D32, Repository!A:J, 9, 0), ""), "") | AI32: =IF(L32="","", IF(L32="Blocker",1, IF(L32="Critical",2, IF(L32="Major",3, IF(L32="Minor",4,""))))) | AJ32: =IF(P32="","", IF(P32="A",1, IF(P32="AA",2, IF(P32="AAA",3,""))))
B33: =IFERROR(__xludf.DUMMYFUNCTION("ARRAY_CONSTRAIN( ARRAYFORMULA( IF( 'Final Report'!A33="""", """", TEXTJOIN( "", "" & CHAR(10), TRUE, IFERROR( VLOOKUP( TRIM( SPLIT('Final Report'!A33, "","") )"&", 'URL Details'!A:B, 2, FALSE ), """" ) ) ) ), 1, 1 ) "),"") | C33: =IFERROR(__xludf.DUMMYFUNCTION("IFERROR(IF('Final Report'!A33="""","""", TEXTJOIN(CHAR(10), TRUE, ARRAYFORMULA( ""• ""& FILTER( TRIM(FLATTEN(SPLIT( REGEXREPLACE( SUBSTITUTE(TEXTJOIN("","", TRUE, IFERROR(ARRAYFORMULA(VLOOKUP(TRIM(SPLIT('Final Report'!A33, "","")), 'URL Details'!A:D, 4, F"&"ALSE)),"""") ), CHAR(10), "",""), ""\s*,\s*"", "",""), "",""))), TRIM(FLATTEN(SPLIT( REGEXREPLACE( SUBSTITUTE(TEXTJOIN("","", TRUE, IFERROR(ARRAYFORMULA(VLOOKUP(TRIM(SPLIT('Final Report'!A33, "","")), 'URL Details'!A:D, 4, FALSE)),"""") ), CHAR(10), "","""&"), ""\s*,\s*"", "",""), "","")))<>"""" ) ) ) ),"""") "),"") | F33: FALSE | G33: =IF(F33=True, IFERROR(VLOOKUP(D33, Repository!A:B, 2, 0), ""), "") | J33: =IF(F33=True, IFERROR(VLOOKUP(D33, Repository!A:C, 3, 0), ""), "") | L33: =IF(F33=True, IFERROR(VLOOKUP(D33, Repository!A:E, 5, 0), ""), "") | N33: =IF(F33=True, IFERROR(VLOOKUP(D33, Repository!A:G, 7, 0), ""), "") | O33: =IFERROR(__xludf.DUMMYFUNCTION("ARRAY_CONSTRAIN( ARRAYFORMULA( IFERROR( LET( list, N33, arr, TRIM(SPLIT(list, "","")), names, XLOOKUP( arr, 'Conformance Score'!A:A, 'Conformance Score'!B:B, ""Not found"" "&" ), TEXTJOIN("", "", TRUE, names) ), """" ) ), 1, 1 ) "),"") | P33: =IF(F33="Yes", IFERROR(VLOOKUP(D33, Repository!A:F, 6, 0), ""), "") | Q33: =IF(F33="Yes", IFERROR(VLOOKUP(D33, Repository!A:I, 8, 0), ""), "") | R33: =IF(F33="Yes", IFERROR(VLOOKUP(D33, Repository!A:J, 9, 0), ""), "") | AI33: =IF(L33="","", IF(L33="Blocker",1, IF(L33="Critical",2, IF(L33="Major",3, IF(L33="Minor",4,""))))) | AJ33: =IF(P33="","", IF(P33="A",1, IF(P33="AA",2, IF(P33="AAA",3,""))))
B34: =IFERROR(__xludf.DUMMYFUNCTION("ARRAY_CONSTRAIN( ARRAYFORMULA( IF( 'Final Report'!A34="""", """", TEXTJOIN( "", "" & CHAR(10), TRUE, IFERROR( VLOOKUP( TRIM( SPLIT('Final Report'!A34, "","") )"&", 'URL Details'!A:B, 2, FALSE ), """" ) ) ) ), 1, 1 ) "),"") | C34: =IFERROR(__xludf.DUMMYFUNCTION("IFERROR(IF('Final Report'!A34="""","""", TEXTJOIN(CHAR(10), TRUE, ARRAYFORMULA( ""• ""& FILTER( TRIM(FLATTEN(SPLIT( REGEXREPLACE( SUBSTITUTE(TEXTJOIN("","", TRUE, IFERROR(ARRAYFORMULA(VLOOKUP(TRIM(SPLIT('Final Report'!A34, "","")), 'URL Details'!A:D, 4, F"&"ALSE)),"""") ), CHAR(10), "",""), ""\s*,\s*"", "",""), "",""))), TRIM(FLATTEN(SPLIT( REGEXREPLACE( SUBSTITUTE(TEXTJOIN("","", TRUE, IFERROR(ARRAYFORMULA(VLOOKUP(TRIM(SPLIT('Final Report'!A34, "","")), 'URL Details'!A:D, 4, FALSE)),"""") ), CHAR(10), "","""&"), ""\s*,\s*"", "",""), "","")))<>"""" ) ) ) ),"""") "),"") | F34: FALSE | G34: =IF(F34=True, IFERROR(VLOOKUP(D34, Repository!A:B, 2, 0), ""), "") | J34: =IF(F34=True, IFERROR(VLOOKUP(D34, Repository!A:C, 3, 0), ""), "") | L34: =IF(F34=True, IFERROR(VLOOKUP(D34, Repository!A:E, 5, 0), ""), "") | N34: =IF(F34=True, IFERROR(VLOOKUP(D34, Repository!A:G, 7, 0), ""), "") | O34: =IFERROR(__xludf.DUMMYFUNCTION("ARRAY_CONSTRAIN( ARRAYFORMULA( IFERROR( LET( list, N34, arr, TRIM(SPLIT(list, "","")), names, XLOOKUP( arr, 'Conformance Score'!A:A, 'Conformance Score'!B:B, ""Not found"" "&" ), TEXTJOIN("", "", TRUE, names) ), """" ) ), 1, 1 ) "),"") | P34: =IF(F34="Yes", IFERROR(VLOOKUP(D34, Repository!A:F, 6, 0), ""), "") | Q34: =IF(F34="Yes", IFERROR(VLOOKUP(D34, Repository!A:I, 8, 0), ""), "") | R34: =IF(F34="Yes", IFERROR(VLOOKUP(D34, Repository!A:J, 9, 0), ""), "") | AI34: =IF(L34="","", IF(L34="Blocker",1, IF(L34="Critical",2, IF(L34="Major",3, IF(L34="Minor",4,""))))) | AJ34: =IF(P34="","", IF(P34="A",1, IF(P34="AA",2, IF(P34="AAA",3,""))))
B35: =IFERROR(__xludf.DUMMYFUNCTION("ARRAY_CONSTRAIN( ARRAYFORMULA( IF( 'Final Report'!A35="""", """", TEXTJOIN( "", "" & CHAR(10), TRUE, IFERROR( VLOOKUP( TRIM( SPLIT('Final Report'!A35, "","") )"&", 'URL Details'!A:B, 2, FALSE ), """" ) ) ) ), 1, 1 ) "),"") | C35: =IFERROR(__xludf.DUMMYFUNCTION("IFERROR(IF('Final Report'!A35="""","""", TEXTJOIN(CHAR(10), TRUE, ARRAYFORMULA( ""• ""& FILTER( TRIM(FLATTEN(SPLIT( REGEXREPLACE( SUBSTITUTE(TEXTJOIN("","", TRUE, IFERROR(ARRAYFORMULA(VLOOKUP(TRIM(SPLIT('Final Report'!A35, "","")), 'URL Details'!A:D, 4, F"&"ALSE)),"""") ), CHAR(10), "",""), ""\s*,\s*"", "",""), "",""))), TRIM(FLATTEN(SPLIT( REGEXREPLACE( SUBSTITUTE(TEXTJOIN("","", TRUE, IFERROR(ARRAYFORMULA(VLOOKUP(TRIM(SPLIT('Final Report'!A35, "","")), 'URL Details'!A:D, 4, FALSE)),"""") ), CHAR(10), "","""&"), ""\s*,\s*"", "",""), "","")))<>"""" ) ) ) ),"""") "),"") | F35: FALSE | G35: =IF(F35=True, IFERROR(VLOOKUP(D35, Repository!A:B, 2, 0), ""), "") | J35: =IF(F35=True, IFERROR(VLOOKUP(D35, Repository!A:C, 3, 0), ""), "") | L35: =IF(F35=True, IFERROR(VLOOKUP(D35, Repository!A:E, 5, 0), ""), "") | N35: =IF(F35=True, IFERROR(VLOOKUP(D35, Repository!A:G, 7, 0), ""), "") | O35: =IFERROR(__xludf.DUMMYFUNCTION("ARRAY_CONSTRAIN( ARRAYFORMULA( IFERROR( LET( list, N35, arr, TRIM(SPLIT(list, "","")), names, XLOOKUP( arr, 'Conformance Score'!A:A, 'Conformance Score'!B:B, ""Not found"" "&" ), TEXTJOIN("", "", TRUE, names) ), """" ) ), 1, 1 ) "),"") | P35: =IF(F35="Yes", IFERROR(VLOOKUP(D35, Repository!A:F, 6, 0), ""), "") | Q35: =IF(F35="Yes", IFERROR(VLOOKUP(D35, Repository!A:I, 8, 0), ""), "") | R35: =IF(F35="Yes", IFERROR(VLOOKUP(D35, Repository!A:J, 9, 0), ""), "") | AI35: =IF(L35="","", IF(L35="Blocker",1, IF(L35="Critical",2, IF(L35="Major",3, IF(L35="Minor",4,""))))) | AJ35: =IF(P35="","", IF(P35="A",1, IF(P35="AA",2, IF(P35="AAA",3,""))))
B36: =IFERROR(__xludf.DUMMYFUNCTION("ARRAY_CONSTRAIN( ARRAYFORMULA( IF( 'Final Report'!A36="""", """", TEXTJOIN( "", "" & CHAR(10), TRUE, IFERROR( VLOOKUP( TRIM( SPLIT('Final Report'!A36, "","") )"&", 'URL Details'!A:B, 2, FALSE ), """" ) ) ) ), 1, 1 ) "),"") | C36: =IFERROR(__xludf.DUMMYFUNCTION("IFERROR(IF('Final Report'!A36="""","""", TEXTJOIN(CHAR(10), TRUE, ARRAYFORMULA( ""• ""& FILTER( TRIM(FLATTEN(SPLIT( REGEXREPLACE( SUBSTITUTE(TEXTJOIN("","", TRUE, IFERROR(ARRAYFORMULA(VLOOKUP(TRIM(SPLIT('Final Report'!A36, "","")), 'URL Details'!A:D, 4, F"&"ALSE)),"""") ), CHAR(10), "",""), ""\s*,\s*"", "",""), "",""))), TRIM(FLATTEN(SPLIT( REGEXREPLACE( SUBSTITUTE(TEXTJOIN("","", TRUE, IFERROR(ARRAYFORMULA(VLOOKUP(TRIM(SPLIT('Final Report'!A36, "","")), 'URL Details'!A:D, 4, FALSE)),"""") ), CHAR(10), "","""&"), ""\s*,\s*"", "",""), "","")))<>"""" ) ) ) ),"""") "),"") | F36: FALSE | G36: =IF(F36=True, IFERROR(VLOOKUP(D36, Repository!A:B, 2, 0), ""), "") | J36: =IF(F36=True, IFERROR(VLOOKUP(D36, Repository!A:C, 3, 0), ""), "") | L36: =IF(F36=True, IFERROR(VLOOKUP(D36, Repository!A:E, 5, 0), ""), "") | N36: =IF(F36=True, IFERROR(VLOOKUP(D36, Repository!A:G, 7, 0), ""), "") | O36: =IFERROR(__xludf.DUMMYFUNCTION("ARRAY_CONSTRAIN( ARRAYFORMULA( IFERROR( LET( list, N36, arr, TRIM(SPLIT(list, "","")), names, XLOOKUP( arr, 'Conformance Score'!A:A, 'Conformance Score'!B:B, ""Not found"" "&" ), TEXTJOIN("", "", TRUE, names) ), """" ) ), 1, 1 ) "),"") | P36: =IF(F36="Yes", IFERROR(VLOOKUP(D36, Repository!A:F, 6, 0), ""), "") | Q36: =IF(F36="Yes", IFERROR(VLOOKUP(D36, Repository!A:I, 8, 0), ""), "") | R36: =IF(F36="Yes", IFERROR(VLOOKUP(D36, Repository!A:J, 9, 0), ""), "") | AI36: =IF(L36="","", IF(L36="Blocker",1, IF(L36="Critical",2, IF(L36="Major",3, IF(L36="Minor",4,""))))) | AJ36: =IF(P36="","", IF(P36="A",1, IF(P36="AA",2, IF(P36="AAA",3,""))))
B37: =IFERROR(__xludf.DUMMYFUNCTION("ARRAY_CONSTRAIN( ARRAYFORMULA( IF( 'Final Report'!A37="""", """", TEXTJOIN( "", "" & CHAR(10), TRUE, IFERROR( VLOOKUP( TRIM( SPLIT('Final Report'!A37, "","") )"&", 'URL Details'!A:B, 2, FALSE ), """" ) ) ) ), 1, 1 ) "),"") | C37: =IFERROR(__xludf.DUMMYFUNCTION("IFERROR(IF('Final Report'!A37="""","""", TEXTJOIN(CHAR(10), TRUE, ARRAYFORMULA( ""• ""& FILTER( TRIM(FLATTEN(SPLIT( REGEXREPLACE( SUBSTITUTE(TEXTJOIN("","", TRUE, IFERROR(ARRAYFORMULA(VLOOKUP(TRIM(SPLIT('Final Report'!A37, "","")), 'URL Details'!A:D, 4, F"&"ALSE)),"""") ), CHAR(10), "",""), ""\s*,\s*"", "",""), "",""))), TRIM(FLATTEN(SPLIT( REGEXREPLACE( SUBSTITUTE(TEXTJOIN("","", TRUE, IFERROR(ARRAYFORMULA(VLOOKUP(TRIM(SPLIT('Final Report'!A37, "","")), 'URL Details'!A:D, 4, FALSE)),"""") ), CHAR(10), "","""&"), ""\s*,\s*"", "",""), "","")))<>"""" ) ) ) ),"""") "),"") | F37: FALSE | G37: =IF(F37=True, IFERROR(VLOOKUP(D37, Repository!A:B, 2, 0), ""), "") | J37: =IF(F37=True, IFERROR(VLOOKUP(D37, Repository!A:C, 3, 0), ""), "") | L37: =IF(F37=True, IFERROR(VLOOKUP(D37, Repository!A:E, 5, 0), ""), "") | N37: =IF(F37=True, IFERROR(VLOOKUP(D37, Repository!A:G, 7, 0), ""), "") | O37: =IFERROR(__xludf.DUMMYFUNCTION("ARRAY_CONSTRAIN( ARRAYFORMULA( IFERROR( LET( list, N37, arr, TRIM(SPLIT(list, "","")), names, XLOOKUP( arr, 'Conformance Score'!A:A, 'Conformance Score'!B:B, ""Not found"" "&" ), TEXTJOIN("", "", TRUE, names) ), """" ) ), 1, 1 ) "),"") | P37: =IF(F37="Yes", IFERROR(VLOOKUP(D37, Repository!A:F, 6, 0), ""), "") | Q37: =IF(F37="Yes", IFERROR(VLOOKUP(D37, Repository!A:I, 8, 0), ""), "") | R37: =IF(F37="Yes", IFERROR(VLOOKUP(D37, Repository!A:J, 9, 0), ""), "") | AI37: =IF(L37="","", IF(L37="Blocker",1, IF(L37="Critical",2, IF(L37="Major",3, IF(L37="Minor",4,""))))) | AJ37: =IF(P37="","", IF(P37="A",1, IF(P37="AA",2, IF(P37="AAA",3,""))))
B38: =IFERROR(__xludf.DUMMYFUNCTION("ARRAY_CONSTRAIN( ARRAYFORMULA( IF( 'Final Report'!A38="""", """", TEXTJOIN( "", "" & CHAR(10), TRUE, IFERROR( VLOOKUP( TRIM( SPLIT('Final Report'!A38, "","") )"&", 'URL Details'!A:B, 2, FALSE ), """" ) ) ) ), 1, 1 ) "),"") | C38: =IFERROR(__xludf.DUMMYFUNCTION("IFERROR(IF('Final Report'!A38="""","""", TEXTJOIN(CHAR(10), TRUE, ARRAYFORMULA( ""• ""& FILTER( TRIM(FLATTEN(SPLIT( REGEXREPLACE( SUBSTITUTE(TEXTJOIN("","", TRUE, IFERROR(ARRAYFORMULA(VLOOKUP(TRIM(SPLIT('Final Report'!A38, "","")), 'URL Details'!A:D, 4, F"&"ALSE)),"""") ), CHAR(10), "",""), ""\s*,\s*"", "",""), "",""))), TRIM(FLATTEN(SPLIT( REGEXREPLACE( SUBSTITUTE(TEXTJOIN("","", TRUE, IFERROR(ARRAYFORMULA(VLOOKUP(TRIM(SPLIT('Final Report'!A38, "","")), 'URL Details'!A:D, 4, FALSE)),"""") ), CHAR(10), "","""&"), ""\s*,\s*"", "",""), "","")))<>"""" ) ) ) ),"""") "),"") | F38: FALSE | G38: =IF(F38=True, IFERROR(VLOOKUP(D38, Repository!A:B, 2, 0), ""), "") | J38: =IF(F38=True, IFERROR(VLOOKUP(D38, Repository!A:C, 3, 0), ""), "") | L38: =IF(F38=True, IFERROR(VLOOKUP(D38, Repository!A:E, 5, 0), ""), "") | N38: =IF(F38=True, IFERROR(VLOOKUP(D38, Repository!A:G, 7, 0), ""), "") | O38: =IFERROR(__xludf.DUMMYFUNCTION("ARRAY_CONSTRAIN( ARRAYFORMULA( IFERROR( LET( list, N38, arr, TRIM(SPLIT(list, "","")), names, XLOOKUP( arr, 'Conformance Score'!A:A, 'Conformance Score'!B:B, ""Not found"" "&" ), TEXTJOIN("", "", TRUE, names) ), """" ) ), 1, 1 ) "),"") | P38: =IF(F38="Yes", IFERROR(VLOOKUP(D38, Repository!A:F, 6, 0), ""), "") | Q38: =IF(F38="Yes", IFERROR(VLOOKUP(D38, Repository!A:I, 8, 0), ""), "") | R38: =IF(F38="Yes", IFERROR(VLOOKUP(D38, Repository!A:J, 9, 0), ""), "") | AI38: =IF(L38="","", IF(L38="Blocker",1, IF(L38="Critical",2, IF(L38="Major",3, IF(L38="Minor",4,""))))) | AJ38: =IF(P38="","", IF(P38="A",1, IF(P38="AA",2, IF(P38="AAA",3,""))))
B39: =IFERROR(__xludf.DUMMYFUNCTION("ARRAY_CONSTRAIN( ARRAYFORMULA( IF( 'Final Report'!A39="""", """", TEXTJOIN( "", "" & CHAR(10), TRUE, IFERROR( VLOOKUP( TRIM( SPLIT('Final Report'!A39, "","") )"&", 'URL Details'!A:B, 2, FALSE ), """" ) ) ) ), 1, 1 ) "),"") | C39: =IFERROR(__xludf.DUMMYFUNCTION("IFERROR(IF('Final Report'!A39="""","""", TEXTJOIN(CHAR(10), TRUE, ARRAYFORMULA( ""• ""& FILTER( TRIM(FLATTEN(SPLIT( REGEXREPLACE( SUBSTITUTE(TEXTJOIN("","", TRUE, IFERROR(ARRAYFORMULA(VLOOKUP(TRIM(SPLIT('Final Report'!A39, "","")), 'URL Details'!A:D, 4, F"&"ALSE)),"""") ), CHAR(10), "",""), ""\s*,\s*"", "",""), "",""))), TRIM(FLATTEN(SPLIT( REGEXREPLACE( SUBSTITUTE(TEXTJOIN("","", TRUE, IFERROR(ARRAYFORMULA(VLOOKUP(TRIM(SPLIT('Final Report'!A39, "","")), 'URL Details'!A:D, 4, FALSE)),"""") ), CHAR(10), "","""&"), ""\s*,\s*"", "",""), "","")))<>"""" ) ) ) ),"""") "),"") | F39: FALSE | G39: =IF(F39=True, IFERROR(VLOOKUP(D39, Repository!A:B, 2, 0), ""), "") | J39: =IF(F39=True, IFERROR(VLOOKUP(D39, Repository!A:C, 3, 0), ""), "") | L39: =IF(F39=True, IFERROR(VLOOKUP(D39, Repository!A:E, 5, 0), ""), "") | N39: =IF(F39=True, IFERROR(VLOOKUP(D39, Repository!A:G, 7, 0), ""), "") | O39: =IFERROR(__xludf.DUMMYFUNCTION("ARRAY_CONSTRAIN( ARRAYFORMULA( IFERROR( LET( list, N39, arr, TRIM(SPLIT(list, "","")), names, XLOOKUP( arr, 'Conformance Score'!A:A, 'Conformance Score'!B:B, ""Not found"" "&" ), TEXTJOIN("", "", TRUE, names) ), """" ) ), 1, 1 ) "),"") | P39: =IF(F39="Yes", IFERROR(VLOOKUP(D39, Repository!A:F, 6, 0), ""), "") | Q39: =IF(F39="Yes", IFERROR(VLOOKUP(D39, Repository!A:I, 8, 0), ""), "") | R39: =IF(F39="Yes", IFERROR(VLOOKUP(D39, Repository!A:J, 9, 0), ""), "") | AI39: =IF(L39="","", IF(L39="Blocker",1, IF(L39="Critical",2, IF(L39="Major",3, IF(L39="Minor",4,""))))) | AJ39: =IF(P39="","", IF(P39="A",1, IF(P39="AA",2, IF(P39="AAA",3,""))))
B40: =IFERROR(__xludf.DUMMYFUNCTION("ARRAY_CONSTRAIN( ARRAYFORMULA( IF( 'Final Report'!A40="""", """", TEXTJOIN( "", "" & CHAR(10), TRUE, IFERROR( VLOOKUP( TRIM( SPLIT('Final Report'!A40, "","") )"&", 'URL Details'!A:B, 2, FALSE ), """" ) ) ) ), 1, 1 ) "),"") | C40: =IFERROR(__xludf.DUMMYFUNCTION("IFERROR(IF('Final Report'!A40="""","""", TEXTJOIN(CHAR(10), TRUE, ARRAYFORMULA( ""• ""& FILTER( TRIM(FLATTEN(SPLIT( REGEXREPLACE( SUBSTITUTE(TEXTJOIN("","", TRUE, IFERROR(ARRAYFORMULA(VLOOKUP(TRIM(SPLIT('Final Report'!A40, "","")), 'URL Details'!A:D, 4, F"&"ALSE)),"""") ), CHAR(10), "",""), ""\s*,\s*"", "",""), "",""))), TRIM(FLATTEN(SPLIT( REGEXREPLACE( SUBSTITUTE(TEXTJOIN("","", TRUE, IFERROR(ARRAYFORMULA(VLOOKUP(TRIM(SPLIT('Final Report'!A40, "","")), 'URL Details'!A:D, 4, FALSE)),"""") ), CHAR(10), "","""&"), ""\s*,\s*"", "",""), "","")))<>"""" ) ) ) ),"""") "),"") | F40: FALSE | G40: =IF(F40=True, IFERROR(VLOOKUP(D40, Repository!A:B, 2, 0), ""), "") | J40: =IF(F40=True, IFERROR(VLOOKUP(D40, Repository!A:C, 3, 0), ""), "") | L40: =IF(F40=True, IFERROR(VLOOKUP(D40, Repository!A:E, 5, 0), ""), "") | N40: =IF(F40=True, IFERROR(VLOOKUP(D40, Repository!A:G, 7, 0), ""), "") | O40: =IFERROR(__xludf.DUMMYFUNCTION("ARRAY_CONSTRAIN( ARRAYFORMULA( IFERROR( LET( list, N40, arr, TRIM(SPLIT(list, "","")), names, XLOOKUP( arr, 'Conformance Score'!A:A, 'Conformance Score'!B:B, ""Not found"" "&" ), TEXTJOIN("", "", TRUE, names) ), """" ) ), 1, 1 ) "),"") | P40: =IF(F40="Yes", IFERROR(VLOOKUP(D40, Repository!A:F, 6, 0), ""), "") | Q40: =IF(F40="Yes", IFERROR(VLOOKUP(D40, Repository!A:I, 8, 0), ""), "") | R40: =IF(F40="Yes", IFERROR(VLOOKUP(D40, Repository!A:J, 9, 0), ""), "") | AI40: =IF(L40="","", IF(L40="Blocker",1, IF(L40="Critical",2, IF(L40="Major",3, IF(L40="Minor",4,""))))) | AJ40: =IF(P40="","", IF(P40="A",1, IF(P40="AA",2, IF(P40="AAA",3,""))))
B41: =IFERROR(__xludf.DUMMYFUNCTION("ARRAY_CONSTRAIN( ARRAYFORMULA( IF( 'Final Report'!A41="""", """", TEXTJOIN( "", "" & CHAR(10), TRUE, IFERROR( VLOOKUP( TRIM( SPLIT('Final Report'!A41, "","") )"&", 'URL Details'!A:B, 2, FALSE ), """" ) ) ) ), 1, 1 ) "),"") | C41: =IFERROR(__xludf.DUMMYFUNCTION("IFERROR(IF('Final Report'!A41="""","""", TEXTJOIN(CHAR(10), TRUE, ARRAYFORMULA( ""• ""& FILTER( TRIM(FLATTEN(SPLIT( REGEXREPLACE( SUBSTITUTE(TEXTJOIN("","", TRUE, IFERROR(ARRAYFORMULA(VLOOKUP(TRIM(SPLIT('Final Report'!A41, "","")), 'URL Details'!A:D, 4, F"&"ALSE)),"""") ), CHAR(10), "",""), ""\s*,\s*"", "",""), "",""))), TRIM(FLATTEN(SPLIT( REGEXREPLACE( SUBSTITUTE(TEXTJOIN("","", TRUE, IFERROR(ARRAYFORMULA(VLOOKUP(TRIM(SPLIT('Final Report'!A41, "","")), 'URL Details'!A:D, 4, FALSE)),"""") ), CHAR(10), "","""&"), ""\s*,\s*"", "",""), "","")))<>"""" ) ) ) ),"""") "),"") | F41: FALSE | G41: =IF(F41=True, IFERROR(VLOOKUP(D41, Repository!A:B, 2, 0), ""), "") | J41: =IF(F41=True, IFERROR(VLOOKUP(D41, Repository!A:C, 3, 0), ""), "") | L41: =IF(F41=True, IFERROR(VLOOKUP(D41, Repository!A:E, 5, 0), ""), "") | N41: =IF(F41=True, IFERROR(VLOOKUP(D41, Repository!A:G, 7, 0), ""), "") | O41: =IFERROR(__xludf.DUMMYFUNCTION("ARRAY_CONSTRAIN( ARRAYFORMULA( IFERROR( LET( list, N41, arr, TRIM(SPLIT(list, "","")), names, XLOOKUP( arr, 'Conformance Score'!A:A, 'Conformance Score'!B:B, ""Not found"" "&" ), TEXTJOIN("", "", TRUE, names) ), """" ) ), 1, 1 ) "),"") | P41: =IF(F41="Yes", IFERROR(VLOOKUP(D41, Repository!A:F, 6, 0), ""), "") | Q41: =IF(F41="Yes", IFERROR(VLOOKUP(D41, Repository!A:I, 8, 0), ""), "") | R41: =IF(F41="Yes", IFERROR(VLOOKUP(D41, Repository!A:J, 9, 0), ""), "") | AI41: =IF(L41="","", IF(L41="Blocker",1, IF(L41="Critical",2, IF(L41="Major",3, IF(L41="Minor",4,""))))) | AJ41: =IF(P41="","", IF(P41="A",1, IF(P41="AA",2, IF(P41="AAA",3,""))))
B42: =IFERROR(__xludf.DUMMYFUNCTION("ARRAY_CONSTRAIN( ARRAYFORMULA( IF( 'Final Report'!A42="""", """", TEXTJOIN( "", "" & CHAR(10), TRUE, IFERROR( VLOOKUP( TRIM( SPLIT('Final Report'!A42, "","") )"&", 'URL Details'!A:B, 2, FALSE ), """" ) ) ) ), 1, 1 ) "),"") | C42: =IFERROR(__xludf.DUMMYFUNCTION("IFERROR(IF('Final Report'!A42="""","""", TEXTJOIN(CHAR(10), TRUE, ARRAYFORMULA( ""• ""& FILTER( TRIM(FLATTEN(SPLIT( REGEXREPLACE( SUBSTITUTE(TEXTJOIN("","", TRUE, IFERROR(ARRAYFORMULA(VLOOKUP(TRIM(SPLIT('Final Report'!A42, "","")), 'URL Details'!A:D, 4, F"&"ALSE)),"""") ), CHAR(10), "",""), ""\s*,\s*"", "",""), "",""))), TRIM(FLATTEN(SPLIT( REGEXREPLACE( SUBSTITUTE(TEXTJOIN("","", TRUE, IFERROR(ARRAYFORMULA(VLOOKUP(TRIM(SPLIT('Final Report'!A42, "","")), 'URL Details'!A:D, 4, FALSE)),"""") ), CHAR(10), "","""&"), ""\s*,\s*"", "",""), "","")))<>"""" ) ) ) ),"""") "),"") | F42: FALSE | G42: =IF(F42=True, IFERROR(VLOOKUP(D42, Repository!A:B, 2, 0), ""), "") | J42: =IF(F42=True, IFERROR(VLOOKUP(D42, Repository!A:C, 3, 0), ""), "") | L42: =IF(F42=True, IFERROR(VLOOKUP(D42, Repository!A:E, 5, 0), ""), "") | N42: =IF(F42=True, IFERROR(VLOOKUP(D42, Repository!A:G, 7, 0), ""), "") | O42: =IFERROR(__xludf.DUMMYFUNCTION("ARRAY_CONSTRAIN( ARRAYFORMULA( IFERROR( LET( list, N42, arr, TRIM(SPLIT(list, "","")), names, XLOOKUP( arr, 'Conformance Score'!A:A, 'Conformance Score'!B:B, ""Not found"" "&" ), TEXTJOIN("", "", TRUE, names) ), """" ) ), 1, 1 ) "),"") | P42: =IF(F42="Yes", IFERROR(VLOOKUP(D42, Repository!A:F, 6, 0), ""), "") | Q42: =IF(F42="Yes", IFERROR(VLOOKUP(D42, Repository!A:I, 8, 0), ""), "") | R42: =IF(F42="Yes", IFERROR(VLOOKUP(D42, Repository!A:J, 9, 0), ""), "") | AI42: =IF(L42="","", IF(L42="Blocker",1, IF(L42="Critical",2, IF(L42="Major",3, IF(L42="Minor",4,""))))) | AJ42: =IF(P42="","", IF(P42="A",1, IF(P42="AA",2, IF(P42="AAA",3,""))))
B43: =IFERROR(__xludf.DUMMYFUNCTION("ARRAY_CONSTRAIN( ARRAYFORMULA( IF( 'Final Report'!A43="""", """", TEXTJOIN( "", "" & CHAR(10), TRUE, IFERROR( VLOOKUP( TRIM( SPLIT('Final Report'!A43, "","") )"&", 'URL Details'!A:B, 2, FALSE ), """" ) ) ) ), 1, 1 ) "),"") | C43: =IFERROR(__xludf.DUMMYFUNCTION("IFERROR(IF('Final Report'!A43="""","""", TEXTJOIN(CHAR(10), TRUE, ARRAYFORMULA( ""• ""& FILTER( TRIM(FLATTEN(SPLIT( REGEXREPLACE( SUBSTITUTE(TEXTJOIN("","", TRUE, IFERROR(ARRAYFORMULA(VLOOKUP(TRIM(SPLIT('Final Report'!A43, "","")), 'URL Details'!A:D, 4, F"&"ALSE)),"""") ), CHAR(10), "",""), ""\s*,\s*"", "",""), "",""))), TRIM(FLATTEN(SPLIT( REGEXREPLACE( SUBSTITUTE(TEXTJOIN("","", TRUE, IFERROR(ARRAYFORMULA(VLOOKUP(TRIM(SPLIT('Final Report'!A43, "","")), 'URL Details'!A:D, 4, FALSE)),"""") ), CHAR(10), "","""&"), ""\s*,\s*"", "",""), "","")))<>"""" ) ) ) ),"""") "),"") | F43: FALSE | G43: =IF(F43=True, IFERROR(VLOOKUP(D43, Repository!A:B, 2, 0), ""), "") | J43: =IF(F43=True, IFERROR(VLOOKUP(D43, Repository!A:C, 3, 0), ""), "") | L43: =IF(F43=True, IFERROR(VLOOKUP(D43, Repository!A:E, 5, 0), ""), "") | N43: =IF(F43=True, IFERROR(VLOOKUP(D43, Repository!A:G, 7, 0), ""), "") | O43: =IFERROR(__xludf.DUMMYFUNCTION("ARRAY_CONSTRAIN( ARRAYFORMULA( IFERROR( LET( list, N43, arr, TRIM(SPLIT(list, "","")), names, XLOOKUP( arr, 'Conformance Score'!A:A, 'Conformance Score'!B:B, ""Not found"" "&" ), TEXTJOIN("", "", TRUE, names) ), """" ) ), 1, 1 ) "),"") | P43: =IF(F43="Yes", IFERROR(VLOOKUP(D43, Repository!A:F, 6, 0), ""), "") | Q43: =IF(F43="Yes", IFERROR(VLOOKUP(D43, Repository!A:I, 8, 0), ""), "") | R43: =IF(F43="Yes", IFERROR(VLOOKUP(D43, Repository!A:J, 9, 0), ""), "") | AI43: =IF(L43="","", IF(L43="Blocker",1, IF(L43="Critical",2, IF(L43="Major",3, IF(L43="Minor",4,""))))) | AJ43: =IF(P43="","", IF(P43="A",1, IF(P43="AA",2, IF(P43="AAA",3,""))))
B44: =IFERROR(__xludf.DUMMYFUNCTION("ARRAY_CONSTRAIN( ARRAYFORMULA( IF( 'Final Report'!A44="""", """", TEXTJOIN( "", "" & CHAR(10), TRUE, IFERROR( VLOOKUP( TRIM( SPLIT('Final Report'!A44, "","") )"&", 'URL Details'!A:B, 2, FALSE ), """" ) ) ) ), 1, 1 ) "),"") | C44: =IFERROR(__xludf.DUMMYFUNCTION("IFERROR(IF('Final Report'!A44="""","""", TEXTJOIN(CHAR(10), TRUE, ARRAYFORMULA( ""• ""& FILTER( TRIM(FLATTEN(SPLIT( REGEXREPLACE( SUBSTITUTE(TEXTJOIN("","", TRUE, IFERROR(ARRAYFORMULA(VLOOKUP(TRIM(SPLIT('Final Report'!A44, "","")), 'URL Details'!A:D, 4, F"&"ALSE)),"""") ), CHAR(10), "",""), ""\s*,\s*"", "",""), "",""))), TRIM(FLATTEN(SPLIT( REGEXREPLACE( SUBSTITUTE(TEXTJOIN("","", TRUE, IFERROR(ARRAYFORMULA(VLOOKUP(TRIM(SPLIT('Final Report'!A44, "","")), 'URL Details'!A:D, 4, FALSE)),"""") ), CHAR(10), "","""&"), ""\s*,\s*"", "",""), "","")))<>"""" ) ) ) ),"""") "),"") | F44: FALSE | G44: =IF(F44=True, IFERROR(VLOOKUP(D44, Repository!A:B, 2, 0), ""), "") | J44: =IF(F44=True, IFERROR(VLOOKUP(D44, Repository!A:C, 3, 0), ""), "") | L44: =IF(F44=True, IFERROR(VLOOKUP(D44, Repository!A:E, 5, 0), ""), "") | N44: =IF(F44=True, IFERROR(VLOOKUP(D44, Repository!A:G, 7, 0), ""), "") | O44: =IFERROR(__xludf.DUMMYFUNCTION("ARRAY_CONSTRAIN( ARRAYFORMULA( IFERROR( LET( list, N44, arr, TRIM(SPLIT(list, "","")), names, XLOOKUP( arr, 'Conformance Score'!A:A, 'Conformance Score'!B:B, ""Not found"" "&" ), TEXTJOIN("", "", TRUE, names) ), """" ) ), 1, 1 ) "),"") | P44: =IF(F44="Yes", IFERROR(VLOOKUP(D44, Repository!A:F, 6, 0), ""), "") | Q44: =IF(F44="Yes", IFERROR(VLOOKUP(D44, Repository!A:I, 8, 0), ""), "") | R44: =IF(F44="Yes", IFERROR(VLOOKUP(D44, Repository!A:J, 9, 0), ""), "") | AI44: =IF(L44="","", IF(L44="Blocker",1, IF(L44="Critical",2, IF(L44="Major",3, IF(L44="Minor",4,""))))) | AJ44: =IF(P44="","", IF(P44="A",1, IF(P44="AA",2, IF(P44="AAA",3,""))))
B45: =IFERROR(__xludf.DUMMYFUNCTION("ARRAY_CONSTRAIN( ARRAYFORMULA( IF( 'Final Report'!A45="""", """", TEXTJOIN( "", "" & CHAR(10), TRUE, IFERROR( VLOOKUP( TRIM( SPLIT('Final Report'!A45, "","") )"&", 'URL Details'!A:B, 2, FALSE ), """" ) ) ) ), 1, 1 ) "),"") | C45: =IFERROR(__xludf.DUMMYFUNCTION("IFERROR(IF('Final Report'!A45="""","""", TEXTJOIN(CHAR(10), TRUE, ARRAYFORMULA( ""• ""& FILTER( TRIM(FLATTEN(SPLIT( REGEXREPLACE( SUBSTITUTE(TEXTJOIN("","", TRUE, IFERROR(ARRAYFORMULA(VLOOKUP(TRIM(SPLIT('Final Report'!A45, "","")), 'URL Details'!A:D, 4, F"&"ALSE)),"""") ), CHAR(10), "",""), ""\s*,\s*"", "",""), "",""))), TRIM(FLATTEN(SPLIT( REGEXREPLACE( SUBSTITUTE(TEXTJOIN("","", TRUE, IFERROR(ARRAYFORMULA(VLOOKUP(TRIM(SPLIT('Final Report'!A45, "","")), 'URL Details'!A:D, 4, FALSE)),"""") ), CHAR(10), "","""&"), ""\s*,\s*"", "",""), "","")))<>"""" ) ) ) ),"""") "),"") | F45: FALSE | G45: =IF(F45=True, IFERROR(VLOOKUP(D45, Repository!A:B, 2, 0), ""), "") | J45: =IF(F45=True, IFERROR(VLOOKUP(D45, Repository!A:C, 3, 0), ""), "") | L45: =IF(F45=True, IFERROR(VLOOKUP(D45, Repository!A:E, 5, 0), ""), "") | N45: =IF(F45=True, IFERROR(VLOOKUP(D45, Repository!A:G, 7, 0), ""), "") | O45: =IFERROR(__xludf.DUMMYFUNCTION("ARRAY_CONSTRAIN( ARRAYFORMULA( IFERROR( LET( list, N45, arr, TRIM(SPLIT(list, "","")), names, XLOOKUP( arr, 'Conformance Score'!A:A, 'Conformance Score'!B:B, ""Not found"" "&" ), TEXTJOIN("", "", TRUE, names) ), """" ) ), 1, 1 ) "),"") | P45: =IF(F45="Yes", IFERROR(VLOOKUP(D45, Repository!A:F, 6, 0), ""), "") | Q45: =IF(F45="Yes", IFERROR(VLOOKUP(D45, Repository!A:I, 8, 0), ""), "") | R45: =IF(F45="Yes", IFERROR(VLOOKUP(D45, Repository!A:J, 9, 0), ""), "") | AI45: =IF(L45="","", IF(L45="Blocker",1, IF(L45="Critical",2, IF(L45="Major",3, IF(L45="Minor",4,""))))) | AJ45: =IF(P45="","", IF(P45="A",1, IF(P45="AA",2, IF(P45="AAA",3,""))))
B46: =IFERROR(__xludf.DUMMYFUNCTION("ARRAY_CONSTRAIN( ARRAYFORMULA( IF( 'Final Report'!A46="""", """", TEXTJOIN( "", "" & CHAR(10), TRUE, IFERROR( VLOOKUP( TRIM( SPLIT('Final Report'!A46, "","") )"&", 'URL Details'!A:B, 2, FALSE ), """" ) ) ) ), 1, 1 ) "),"") | C46: =IFERROR(__xludf.DUMMYFUNCTION("IFERROR(IF('Final Report'!A46="""","""", TEXTJOIN(CHAR(10), TRUE, ARRAYFORMULA( ""• ""& FILTER( TRIM(FLATTEN(SPLIT( REGEXREPLACE( SUBSTITUTE(TEXTJOIN("","", TRUE, IFERROR(ARRAYFORMULA(VLOOKUP(TRIM(SPLIT('Final Report'!A46, "","")), 'URL Details'!A:D, 4, F"&"ALSE)),"""") ), CHAR(10), "",""), ""\s*,\s*"", "",""), "",""))), TRIM(FLATTEN(SPLIT( REGEXREPLACE( SUBSTITUTE(TEXTJOIN("","", TRUE, IFERROR(ARRAYFORMULA(VLOOKUP(TRIM(SPLIT('Final Report'!A46, "","")), 'URL Details'!A:D, 4, FALSE)),"""") ), CHAR(10), "","""&"), ""\s*,\s*"", "",""), "","")))<>"""" ) ) ) ),"""") "),"") | F46: FALSE | G46: =IF(F46=True, IFERROR(VLOOKUP(D46, Repository!A:B, 2, 0), ""), "") | J46: =IF(F46=True, IFERROR(VLOOKUP(D46, Repository!A:C, 3, 0), ""), "") | L46: =IF(F46=True, IFERROR(VLOOKUP(D46, Repository!A:E, 5, 0), ""), "") | N46: =IF(F46=True, IFERROR(VLOOKUP(D46, Repository!A:G, 7, 0), ""), "") | O46: =IFERROR(__xludf.DUMMYFUNCTION("ARRAY_CONSTRAIN( ARRAYFORMULA( IFERROR( LET( list, N46, arr, TRIM(SPLIT(list, "","")), names, XLOOKUP( arr, 'Conformance Score'!A:A, 'Conformance Score'!B:B, ""Not found"" "&" ), TEXTJOIN("", "", TRUE, names) ), """" ) ), 1, 1 ) "),"") | P46: =IF(F46="Yes", IFERROR(VLOOKUP(D46, Repository!A:F, 6, 0), ""), "") | Q46: =IF(F46="Yes", IFERROR(VLOOKUP(D46, Repository!A:I, 8, 0), ""), "") | R46: =IF(F46="Yes", IFERROR(VLOOKUP(D46, Repository!A:J, 9, 0), ""), "") | AI46: =IF(L46="","", IF(L46="Blocker",1, IF(L46="Critical",2, IF(L46="Major",3, IF(L46="Minor",4,""))))) | AJ46: =IF(P46="","", IF(P46="A",1, IF(P46="AA",2, IF(P46="AAA",3,""))))
B47: =IFERROR(__xludf.DUMMYFUNCTION("ARRAY_CONSTRAIN( ARRAYFORMULA( IF( 'Final Report'!A47="""", """", TEXTJOIN( "", "" & CHAR(10), TRUE, IFERROR( VLOOKUP( TRIM( SPLIT('Final Report'!A47, "","") )"&", 'URL Details'!A:B, 2, FALSE ), """" ) ) ) ), 1, 1 ) "),"") | C47: =IFERROR(__xludf.DUMMYFUNCTION("IFERROR(IF('Final Report'!A47="""","""", TEXTJOIN(CHAR(10), TRUE, ARRAYFORMULA( ""• ""& FILTER( TRIM(FLATTEN(SPLIT( REGEXREPLACE( SUBSTITUTE(TEXTJOIN("","", TRUE, IFERROR(ARRAYFORMULA(VLOOKUP(TRIM(SPLIT('Final Report'!A47, "","")), 'URL Details'!A:D, 4, F"&"ALSE)),"""") ), CHAR(10), "",""), ""\s*,\s*"", "",""), "",""))), TRIM(FLATTEN(SPLIT( REGEXREPLACE( SUBSTITUTE(TEXTJOIN("","", TRUE, IFERROR(ARRAYFORMULA(VLOOKUP(TRIM(SPLIT('Final Report'!A47, "","")), 'URL Details'!A:D, 4, FALSE)),"""") ), CHAR(10), "","""&"), ""\s*,\s*"", "",""), "","")))<>"""" ) ) ) ),"""") "),"") | F47: FALSE | G47: =IF(F47=True, IFERROR(VLOOKUP(D47, Repository!A:B, 2, 0), ""), "") | J47: =IF(F47=True, IFERROR(VLOOKUP(D47, Repository!A:C, 3, 0), ""), "") | L47: =IF(F47=True, IFERROR(VLOOKUP(D47, Repository!A:E, 5, 0), ""), "") | N47: =IF(F47=True, IFERROR(VLOOKUP(D47, Repository!A:G, 7, 0), ""), "") | O47: =IFERROR(__xludf.DUMMYFUNCTION("ARRAY_CONSTRAIN( ARRAYFORMULA( IFERROR( LET( list, N47, arr, TRIM(SPLIT(list, "","")), names, XLOOKUP( arr, 'Conformance Score'!A:A, 'Conformance Score'!B:B, ""Not found"" "&" ), TEXTJOIN("", "", TRUE, names) ), """" ) ), 1, 1 ) "),"") | P47: =IF(F47="Yes", IFERROR(VLOOKUP(D47, Repository!A:F, 6, 0), ""), "") | Q47: =IF(F47="Yes", IFERROR(VLOOKUP(D47, Repository!A:I, 8, 0), ""), "") | R47: =IF(F47="Yes", IFERROR(VLOOKUP(D47, Repository!A:J, 9, 0), ""), "") | AI47: =IF(L47="","", IF(L47="Blocker",1, IF(L47="Critical",2, IF(L47="Major",3, IF(L47="Minor",4,""))))) | AJ47: =IF(P47="","", IF(P47="A",1, IF(P47="AA",2, IF(P47="AAA",3,""))))
B48: =IFERROR(__xludf.DUMMYFUNCTION("ARRAY_CONSTRAIN( ARRAYFORMULA( IF( 'Final Report'!A48="""", """", TEXTJOIN( "", "" & CHAR(10), TRUE, IFERROR( VLOOKUP( TRIM( SPLIT('Final Report'!A48, "","") )"&", 'URL Details'!A:B, 2, FALSE ), """" ) ) ) ), 1, 1 ) "),"") | C48: =IFERROR(__xludf.DUMMYFUNCTION("IFERROR(IF('Final Report'!A48="""","""", TEXTJOIN(CHAR(10), TRUE, ARRAYFORMULA( ""• ""& FILTER( TRIM(FLATTEN(SPLIT( REGEXREPLACE( SUBSTITUTE(TEXTJOIN("","", TRUE, IFERROR(ARRAYFORMULA(VLOOKUP(TRIM(SPLIT('Final Report'!A48, "","")), 'URL Details'!A:D, 4, F"&"ALSE)),"""") ), CHAR(10), "",""), ""\s*,\s*"", "",""), "",""))), TRIM(FLATTEN(SPLIT( REGEXREPLACE( SUBSTITUTE(TEXTJOIN("","", TRUE, IFERROR(ARRAYFORMULA(VLOOKUP(TRIM(SPLIT('Final Report'!A48, "","")), 'URL Details'!A:D, 4, FALSE)),"""") ), CHAR(10), "","""&"), ""\s*,\s*"", "",""), "","")))<>"""" ) ) ) ),"""") "),"") | F48: FALSE | G48: =IF(F48=True, IFERROR(VLOOKUP(D48, Repository!A:B, 2, 0), ""), "") | J48: =IF(F48=True, IFERROR(VLOOKUP(D48, Repository!A:C, 3, 0), ""), "") | L48: =IF(F48=True, IFERROR(VLOOKUP(D48, Repository!A:E, 5, 0), ""), "") | N48: =IF(F48=True, IFERROR(VLOOKUP(D48, Repository!A:G, 7, 0), ""), "") | O48: =IFERROR(__xludf.DUMMYFUNCTION("ARRAY_CONSTRAIN( ARRAYFORMULA( IFERROR( LET( list, N48, arr, TRIM(SPLIT(list, "","")), names, XLOOKUP( arr, 'Conformance Score'!A:A, 'Conformance Score'!B:B, ""Not found"" "&" ), TEXTJOIN("", "", TRUE, names) ), """" ) ), 1, 1 ) "),"") | P48: =IF(F48="Yes", IFERROR(VLOOKUP(D48, Repository!A:F, 6, 0), ""), "") | Q48: =IF(F48="Yes", IFERROR(VLOOKUP(D48, Repository!A:I, 8, 0), ""), "") | R48: =IF(F48="Yes", IFERROR(VLOOKUP(D48, Repository!A:J, 9, 0), ""), "") | AI48: =IF(L48="","", IF(L48="Blocker",1, IF(L48="Critical",2, IF(L48="Major",3, IF(L48="Minor",4,""))))) | AJ48: =IF(P48="","", IF(P48="A",1, IF(P48="AA",2, IF(P48="AAA",3,""))))
B49: =IFERROR(__xludf.DUMMYFUNCTION("ARRAY_CONSTRAIN( ARRAYFORMULA( IF( 'Final Report'!A49="""", """", TEXTJOIN( "", "" & CHAR(10), TRUE, IFERROR( VLOOKUP( TRIM( SPLIT('Final Report'!A49, "","") )"&", 'URL Details'!A:B, 2, FALSE ), """" ) ) ) ), 1, 1 ) "),"") | C49: =IFERROR(__xludf.DUMMYFUNCTION("IFERROR(IF('Final Report'!A49="""","""", TEXTJOIN(CHAR(10), TRUE, ARRAYFORMULA( ""• ""& FILTER( TRIM(FLATTEN(SPLIT( REGEXREPLACE( SUBSTITUTE(TEXTJOIN("","", TRUE, IFERROR(ARRAYFORMULA(VLOOKUP(TRIM(SPLIT('Final Report'!A49, "","")), 'URL Details'!A:D, 4, F"&"ALSE)),"""") ), CHAR(10), "",""), ""\s*,\s*"", "",""), "",""))), TRIM(FLATTEN(SPLIT( REGEXREPLACE( SUBSTITUTE(TEXTJOIN("","", TRUE, IFERROR(ARRAYFORMULA(VLOOKUP(TRIM(SPLIT('Final Report'!A49, "","")), 'URL Details'!A:D, 4, FALSE)),"""") ), CHAR(10), "","""&"), ""\s*,\s*"", "",""), "","")))<>"""" ) ) ) ),"""") "),"") | F49: FALSE | G49: =IF(F49=True, IFERROR(VLOOKUP(D49, Repository!A:B, 2, 0), ""), "") | J49: =IF(F49=True, IFERROR(VLOOKUP(D49, Repository!A:C, 3, 0), ""), "") | L49: =IF(F49=True, IFERROR(VLOOKUP(D49, Repository!A:E, 5, 0), ""), "") | N49: =IF(F49=True, IFERROR(VLOOKUP(D49, Repository!A:G, 7, 0), ""), "") | O49: =IFERROR(__xludf.DUMMYFUNCTION("ARRAY_CONSTRAIN( ARRAYFORMULA( IFERROR( LET( list, N49, arr, TRIM(SPLIT(list, "","")), names, XLOOKUP( arr, 'Conformance Score'!A:A, 'Conformance Score'!B:B, ""Not found"" "&" ), TEXTJOIN("", "", TRUE, names) ), """" ) ), 1, 1 ) "),"") | P49: =IF(F49="Yes", IFERROR(VLOOKUP(D49, Repository!A:F, 6, 0), ""), "") | Q49: =IF(F49="Yes", IFERROR(VLOOKUP(D49, Repository!A:I, 8, 0), ""), "") | R49: =IF(F49="Yes", IFERROR(VLOOKUP(D49, Repository!A:J, 9, 0), ""), "") | AI49: =IF(L49="","", IF(L49="Blocker",1, IF(L49="Critical",2, IF(L49="Major",3, IF(L49="Minor",4,""))))) | AJ49: =IF(P49="","", IF(P49="A",1, IF(P49="AA",2, IF(P49="AAA",3,""))))
B50: =IFERROR(__xludf.DUMMYFUNCTION("ARRAY_CONSTRAIN( ARRAYFORMULA( IF( 'Final Report'!A50="""", """", TEXTJOIN( "", "" & CHAR(10), TRUE, IFERROR( VLOOKUP( TRIM( SPLIT('Final Report'!A50, "","") )"&", 'URL Details'!A:B, 2, FALSE ), """" ) ) ) ), 1, 1 ) "),"") | C50: =IFERROR(__xludf.DUMMYFUNCTION("IFERROR(IF('Final Report'!A50="""","""", TEXTJOIN(CHAR(10), TRUE, ARRAYFORMULA( ""• ""& FILTER( TRIM(FLATTEN(SPLIT( REGEXREPLACE( SUBSTITUTE(TEXTJOIN("","", TRUE, IFERROR(ARRAYFORMULA(VLOOKUP(TRIM(SPLIT('Final Report'!A50, "","")), 'URL Details'!A:D, 4, F"&"ALSE)),"""") ), CHAR(10), "",""), ""\s*,\s*"", "",""), "",""))), TRIM(FLATTEN(SPLIT( REGEXREPLACE( SUBSTITUTE(TEXTJOIN("","", TRUE, IFERROR(ARRAYFORMULA(VLOOKUP(TRIM(SPLIT('Final Report'!A50, "","")), 'URL Details'!A:D, 4, FALSE)),"""") ), CHAR(10), "","""&"), ""\s*,\s*"", "",""), "","")))<>"""" ) ) ) ),"""") "),"") | F50: FALSE | G50: =IF(F50=True, IFERROR(VLOOKUP(D50, Repository!A:B, 2, 0), ""), "") | J50: =IF(F50=True, IFERROR(VLOOKUP(D50, Repository!A:C, 3, 0), ""), "") | L50: =IF(F50=True, IFERROR(VLOOKUP(D50, Repository!A:E, 5, 0), ""), "") | N50: =IF(F50=True, IFERROR(VLOOKUP(D50, Repository!A:G, 7, 0), ""), "") | O50: =IFERROR(__xludf.DUMMYFUNCTION("ARRAY_CONSTRAIN( ARRAYFORMULA( IFERROR( LET( list, N50, arr, TRIM(SPLIT(list, "","")), names, XLOOKUP( arr, 'Conformance Score'!A:A, 'Conformance Score'!B:B, ""Not found"" "&" ), TEXTJOIN("", "", TRUE, names) ), """" ) ), 1, 1 ) "),"") | P50: =IF(F50="Yes", IFERROR(VLOOKUP(D50, Repository!A:F, 6, 0), ""), "") | Q50: =IF(F50="Yes", IFERROR(VLOOKUP(D50, Repository!A:I, 8, 0), ""), "") | R50: =IF(F50="Yes", IFERROR(VLOOKUP(D50, Repository!A:J, 9, 0), ""), "") | AI50: =IF(L50="","", IF(L50="Blocker",1, IF(L50="Critical",2, IF(L50="Major",3, IF(L50="Minor",4,""))))) | AJ50: =IF(P50="","", IF(P50="A",1, IF(P50="AA",2, IF(P50="AAA",3,""))))
B51: =IFERROR(__xludf.DUMMYFUNCTION("ARRAY_CONSTRAIN( ARRAYFORMULA( IF( 'Final Report'!A51="""", """", TEXTJOIN( "", "" & CHAR(10), TRUE, IFERROR( VLOOKUP( TRIM( SPLIT('Final Report'!A51, "","") )"&", 'URL Details'!A:B, 2, FALSE ), """" ) ) ) ), 1, 1 ) "),"") | C51: =IFERROR(__xludf.DUMMYFUNCTION("IFERROR(IF('Final Report'!A51="""","""", TEXTJOIN(CHAR(10), TRUE, ARRAYFORMULA( ""• ""& FILTER( TRIM(FLATTEN(SPLIT( REGEXREPLACE( SUBSTITUTE(TEXTJOIN("","", TRUE, IFERROR(ARRAYFORMULA(VLOOKUP(TRIM(SPLIT('Final Report'!A51, "","")), 'URL Details'!A:D, 4, F"&"ALSE)),"""") ), CHAR(10), "",""), ""\s*,\s*"", "",""), "",""))), TRIM(FLATTEN(SPLIT( REGEXREPLACE( SUBSTITUTE(TEXTJOIN("","", TRUE, IFERROR(ARRAYFORMULA(VLOOKUP(TRIM(SPLIT('Final Report'!A51, "","")), 'URL Details'!A:D, 4, FALSE)),"""") ), CHAR(10), "","""&"), ""\s*,\s*"", "",""), "","")))<>"""" ) ) ) ),"""") "),"") | F51: FALSE | G51: =IF(F51=True, IFERROR(VLOOKUP(D51, Repository!A:B, 2, 0), ""), "") | J51: =IF(F51=True, IFERROR(VLOOKUP(D51, Repository!A:C, 3, 0), ""), "") | L51: =IF(F51=True, IFERROR(VLOOKUP(D51, Repository!A:E, 5, 0), ""), "") | N51: =IF(F51=True, IFERROR(VLOOKUP(D51, Repository!A:G, 7, 0), ""), "") | O51: =IFERROR(__xludf.DUMMYFUNCTION("ARRAY_CONSTRAIN( ARRAYFORMULA( IFERROR( LET( list, N51, arr, TRIM(SPLIT(list, "","")), names, XLOOKUP( arr, 'Conformance Score'!A:A, 'Conformance Score'!B:B, ""Not found"" "&" ), TEXTJOIN("", "", TRUE, names) ), """" ) ), 1, 1 ) "),"") | P51: =IF(F51="Yes", IFERROR(VLOOKUP(D51, Repository!A:F, 6, 0), ""), "") | Q51: =IF(F51="Yes", IFERROR(VLOOKUP(D51, Repository!A:I, 8, 0), ""), "") | R51: =IF(F51="Yes", IFERROR(VLOOKUP(D51, Repository!A:J, 9, 0), ""), "") | AI51: =IF(L51="","", IF(L51="Blocker",1, IF(L51="Critical",2, IF(L51="Major",3, IF(L51="Minor",4,""))))) | AJ51: =IF(P51="","", IF(P51="A",1, IF(P51="AA",2, IF(P51="AAA",3,""))))
B52: =IFERROR(__xludf.DUMMYFUNCTION("ARRAY_CONSTRAIN( ARRAYFORMULA( IF( 'Final Report'!A52="""", """", TEXTJOIN( "", "" & CHAR(10), TRUE, IFERROR( VLOOKUP( TRIM( SPLIT('Final Report'!A52, "","") )"&", 'URL Details'!A:B, 2, FALSE ), """" ) ) ) ), 1, 1 ) "),"") | C52: =IFERROR(__xludf.DUMMYFUNCTION("IFERROR(IF('Final Report'!A52="""","""", TEXTJOIN(CHAR(10), TRUE, ARRAYFORMULA( ""• ""& FILTER( TRIM(FLATTEN(SPLIT( REGEXREPLACE( SUBSTITUTE(TEXTJOIN("","", TRUE, IFERROR(ARRAYFORMULA(VLOOKUP(TRIM(SPLIT('Final Report'!A52, "","")), 'URL Details'!A:D, 4, F"&"ALSE)),"""") ), CHAR(10), "",""), ""\s*,\s*"", "",""), "",""))), TRIM(FLATTEN(SPLIT( REGEXREPLACE( SUBSTITUTE(TEXTJOIN("","", TRUE, IFERROR(ARRAYFORMULA(VLOOKUP(TRIM(SPLIT('Final Report'!A52, "","")), 'URL Details'!A:D, 4, FALSE)),"""") ), CHAR(10), "","""&"), ""\s*,\s*"", "",""), "","")))<>"""" ) ) ) ),"""") "),"") | F52: FALSE | G52: =IF(F52=True, IFERROR(VLOOKUP(D52, Repository!A:B, 2, 0), ""), "") | J52: =IF(F52=True, IFERROR(VLOOKUP(D52, Repository!A:C, 3, 0), ""), "") | L52: =IF(F52=True, IFERROR(VLOOKUP(D52, Repository!A:E, 5, 0), ""), "") | N52: =IF(F52=True, IFERROR(VLOOKUP(D52, Repository!A:G, 7, 0), ""), "") | O52: =IFERROR(__xludf.DUMMYFUNCTION("ARRAY_CONSTRAIN( ARRAYFORMULA( IFERROR( LET( list, N52, arr, TRIM(SPLIT(list, "","")), names, XLOOKUP( arr, 'Conformance Score'!A:A, 'Conformance Score'!B:B, ""Not found"" "&" ), TEXTJOIN("", "", TRUE, names) ), """" ) ), 1, 1 ) "),"") | P52: =IF(F52="Yes", IFERROR(VLOOKUP(D52, Repository!A:F, 6, 0), ""), "") | Q52: =IF(F52="Yes", IFERROR(VLOOKUP(D52, Repository!A:I, 8, 0), ""), "") | R52: =IF(F52="Yes", IFERROR(VLOOKUP(D52, Repository!A:J, 9, 0), ""), "") | AI52: =IF(L52="","", IF(L52="Blocker",1, IF(L52="Critical",2, IF(L52="Major",3, IF(L52="Minor",4,""))))) | AJ52: =IF(P52="","", IF(P52="A",1, IF(P52="AA",2, IF(P52="AAA",3,""))))
B53: =IFERROR(__xludf.DUMMYFUNCTION("ARRAY_CONSTRAIN( ARRAYFORMULA( IF( 'Final Report'!A53="""", """", TEXTJOIN( "", "" & CHAR(10), TRUE, IFERROR( VLOOKUP( TRIM( SPLIT('Final Report'!A53, "","") )"&", 'URL Details'!A:B, 2, FALSE ), """" ) ) ) ), 1, 1 ) "),"") | C53: =IFERROR(__xludf.DUMMYFUNCTION("IFERROR(IF('Final Report'!A53="""","""", TEXTJOIN(CHAR(10), TRUE, ARRAYFORMULA( ""• ""& FILTER( TRIM(FLATTEN(SPLIT( REGEXREPLACE( SUBSTITUTE(TEXTJOIN("","", TRUE, IFERROR(ARRAYFORMULA(VLOOKUP(TRIM(SPLIT('Final Report'!A53, "","")), 'URL Details'!A:D, 4, F"&"ALSE)),"""") ), CHAR(10), "",""), ""\s*,\s*"", "",""), "",""))), TRIM(FLATTEN(SPLIT( REGEXREPLACE( SUBSTITUTE(TEXTJOIN("","", TRUE, IFERROR(ARRAYFORMULA(VLOOKUP(TRIM(SPLIT('Final Report'!A53, "","")), 'URL Details'!A:D, 4, FALSE)),"""") ), CHAR(10), "","""&"), ""\s*,\s*"", "",""), "","")))<>"""" ) ) ) ),"""") "),"") | F53: FALSE | G53: =IF(F53=True, IFERROR(VLOOKUP(D53, Repository!A:B, 2, 0), ""), "") | J53: =IF(F53=True, IFERROR(VLOOKUP(D53, Repository!A:C, 3, 0), ""), "") | L53: =IF(F53=True, IFERROR(VLOOKUP(D53, Repository!A:E, 5, 0), ""), "") | N53: =IF(F53=True, IFERROR(VLOOKUP(D53, Repository!A:G, 7, 0), ""), "") | O53: =IFERROR(__xludf.DUMMYFUNCTION("ARRAY_CONSTRAIN( ARRAYFORMULA( IFERROR( LET( list, N53, arr, TRIM(SPLIT(list, "","")), names, XLOOKUP( arr, 'Conformance Score'!A:A, 'Conformance Score'!B:B, ""Not found"" "&" ), TEXTJOIN("", "", TRUE, names) ), """" ) ), 1, 1 ) "),"") | P53: =IF(F53="Yes", IFERROR(VLOOKUP(D53, Repository!A:F, 6, 0), ""), "") | Q53: =IF(F53="Yes", IFERROR(VLOOKUP(D53, Repository!A:I, 8, 0), ""), "") | R53: =IF(F53="Yes", IFERROR(VLOOKUP(D53, Repository!A:J, 9, 0), ""), "") | AI53: =IF(L53="","", IF(L53="Blocker",1, IF(L53="Critical",2, IF(L53="Major",3, IF(L53="Minor",4,""))))) | AJ53: =IF(P53="","", IF(P53="A",1, IF(P53="AA",2, IF(P53="AAA",3,""))))
B54: =IFERROR(__xludf.DUMMYFUNCTION("ARRAY_CONSTRAIN( ARRAYFORMULA( IF( 'Final Report'!A54="""", """", TEXTJOIN( "", "" & CHAR(10), TRUE, IFERROR( VLOOKUP( TRIM( SPLIT('Final Report'!A54, "","") )"&", 'URL Details'!A:B, 2, FALSE ), """" ) ) ) ), 1, 1 ) "),"") | C54: =IFERROR(__xludf.DUMMYFUNCTION("IFERROR(IF('Final Report'!A54="""","""", TEXTJOIN(CHAR(10), TRUE, ARRAYFORMULA( ""• ""& FILTER( TRIM(FLATTEN(SPLIT( REGEXREPLACE( SUBSTITUTE(TEXTJOIN("","", TRUE, IFERROR(ARRAYFORMULA(VLOOKUP(TRIM(SPLIT('Final Report'!A54, "","")), 'URL Details'!A:D, 4, F"&"ALSE)),"""") ), CHAR(10), "",""), ""\s*,\s*"", "",""), "",""))), TRIM(FLATTEN(SPLIT( REGEXREPLACE( SUBSTITUTE(TEXTJOIN("","", TRUE, IFERROR(ARRAYFORMULA(VLOOKUP(TRIM(SPLIT('Final Report'!A54, "","")), 'URL Details'!A:D, 4, FALSE)),"""") ), CHAR(10), "","""&"), ""\s*,\s*"", "",""), "","")))<>"""" ) ) ) ),"""") "),"") | F54: FALSE | G54: =IF(F54=True, IFERROR(VLOOKUP(D54, Repository!A:B, 2, 0), ""), "") | J54: =IF(F54=True, IFERROR(VLOOKUP(D54, Repository!A:C, 3, 0), ""), "") | L54: =IF(F54=True, IFERROR(VLOOKUP(D54, Repository!A:E, 5, 0), ""), "") | N54: =IF(F54=True, IFERROR(VLOOKUP(D54, Repository!A:G, 7, 0), ""), "") | O54: =IFERROR(__xludf.DUMMYFUNCTION("ARRAY_CONSTRAIN( ARRAYFORMULA( IFERROR( LET( list, N54, arr, TRIM(SPLIT(list, "","")), names, XLOOKUP( arr, 'Conformance Score'!A:A, 'Conformance Score'!B:B, ""Not found"" "&" ), TEXTJOIN("", "", TRUE, names) ), """" ) ), 1, 1 ) "),"") | P54: =IF(F54="Yes", IFERROR(VLOOKUP(D54, Repository!A:F, 6, 0), ""), "") | Q54: =IF(F54="Yes", IFERROR(VLOOKUP(D54, Repository!A:I, 8, 0), ""), "") | R54: =IF(F54="Yes", IFERROR(VLOOKUP(D54, Repository!A:J, 9, 0), ""), "") | AI54: =IF(L54="","", IF(L54="Blocker",1, IF(L54="Critical",2, IF(L54="Major",3, IF(L54="Minor",4,""))))) | AJ54: =IF(P54="","", IF(P54="A",1, IF(P54="AA",2, IF(P54="AAA",3,""))))
B55: =IFERROR(__xludf.DUMMYFUNCTION("ARRAY_CONSTRAIN( ARRAYFORMULA( IF( 'Final Report'!A55="""", """", TEXTJOIN( "", "" & CHAR(10), TRUE, IFERROR( VLOOKUP( TRIM( SPLIT('Final Report'!A55, "","") )"&", 'URL Details'!A:B, 2, FALSE ), """" ) ) ) ), 1, 1 ) "),"") | C55: =IFERROR(__xludf.DUMMYFUNCTION("IFERROR(IF('Final Report'!A55="""","""", TEXTJOIN(CHAR(10), TRUE, ARRAYFORMULA( ""• ""& FILTER( TRIM(FLATTEN(SPLIT( REGEXREPLACE( SUBSTITUTE(TEXTJOIN("","", TRUE, IFERROR(ARRAYFORMULA(VLOOKUP(TRIM(SPLIT('Final Report'!A55, "","")), 'URL Details'!A:D, 4, F"&"ALSE)),"""") ), CHAR(10), "",""), ""\s*,\s*"", "",""), "",""))), TRIM(FLATTEN(SPLIT( REGEXREPLACE( SUBSTITUTE(TEXTJOIN("","", TRUE, IFERROR(ARRAYFORMULA(VLOOKUP(TRIM(SPLIT('Final Report'!A55, "","")), 'URL Details'!A:D, 4, FALSE)),"""") ), CHAR(10), "","""&"), ""\s*,\s*"", "",""), "","")))<>"""" ) ) ) ),"""") "),"") | F55: FALSE | G55: =IF(F55=True, IFERROR(VLOOKUP(D55, Repository!A:B, 2, 0), ""), "") | J55: =IF(F55=True, IFERROR(VLOOKUP(D55, Repository!A:C, 3, 0), ""), "") | L55: =IF(F55=True, IFERROR(VLOOKUP(D55, Repository!A:E, 5, 0), ""), "") | N55: =IF(F55=True, IFERROR(VLOOKUP(D55, Repository!A:G, 7, 0), ""), "") | O55: =IFERROR(__xludf.DUMMYFUNCTION("ARRAY_CONSTRAIN( ARRAYFORMULA( IFERROR( LET( list, N55, arr, TRIM(SPLIT(list, "","")), names, XLOOKUP( arr, 'Conformance Score'!A:A, 'Conformance Score'!B:B, ""Not found"" "&" ), TEXTJOIN("", "", TRUE, names) ), """" ) ), 1, 1 ) "),"") | P55: =IF(F55="Yes", IFERROR(VLOOKUP(D55, Repository!A:F, 6, 0), ""), "") | Q55: =IF(F55="Yes", IFERROR(VLOOKUP(D55, Repository!A:I, 8, 0), ""), "") | R55: =IF(F55="Yes", IFERROR(VLOOKUP(D55, Repository!A:J, 9, 0), ""), "") | AI55: =IF(L55="","", IF(L55="Blocker",1, IF(L55="Critical",2, IF(L55="Major",3, IF(L55="Minor",4,""))))) | AJ55: =IF(P55="","", IF(P55="A",1, IF(P55="AA",2, IF(P55="AAA",3,""))))
B56: =IFERROR(__xludf.DUMMYFUNCTION("ARRAY_CONSTRAIN( ARRAYFORMULA( IF( 'Final Report'!A56="""", """", TEXTJOIN( "", "" & CHAR(10), TRUE, IFERROR( VLOOKUP( TRIM( SPLIT('Final Report'!A56, "","") )"&", 'URL Details'!A:B, 2, FALSE ), """" ) ) ) ), 1, 1 ) "),"") | C56: =IFERROR(__xludf.DUMMYFUNCTION("IFERROR(IF('Final Report'!A56="""","""", TEXTJOIN(CHAR(10), TRUE, ARRAYFORMULA( ""• ""& FILTER( TRIM(FLATTEN(SPLIT( REGEXREPLACE( SUBSTITUTE(TEXTJOIN("","", TRUE, IFERROR(ARRAYFORMULA(VLOOKUP(TRIM(SPLIT('Final Report'!A56, "","")), 'URL Details'!A:D, 4, F"&"ALSE)),"""") ), CHAR(10), "",""), ""\s*,\s*"", "",""), "",""))), TRIM(FLATTEN(SPLIT( REGEXREPLACE( SUBSTITUTE(TEXTJOIN("","", TRUE, IFERROR(ARRAYFORMULA(VLOOKUP(TRIM(SPLIT('Final Report'!A56, "","")), 'URL Details'!A:D, 4, FALSE)),"""") ), CHAR(10), "","""&"), ""\s*,\s*"", "",""), "","")))<>"""" ) ) ) ),"""") "),"") | F56: FALSE | G56: =IF(F56=True, IFERROR(VLOOKUP(D56, Repository!A:B, 2, 0), ""), "") | J56: =IF(F56=True, IFERROR(VLOOKUP(D56, Repository!A:C, 3, 0), ""), "") | L56: =IF(F56=True, IFERROR(VLOOKUP(D56, Repository!A:E, 5, 0), ""), "") | N56: =IF(F56=True, IFERROR(VLOOKUP(D56, Repository!A:G, 7, 0), ""), "") | O56: =IFERROR(__xludf.DUMMYFUNCTION("ARRAY_CONSTRAIN( ARRAYFORMULA( IFERROR( LET( list, N56, arr, TRIM(SPLIT(list, "","")), names, XLOOKUP( arr, 'Conformance Score'!A:A, 'Conformance Score'!B:B, ""Not found"" "&" ), TEXTJOIN("", "", TRUE, names) ), """" ) ), 1, 1 ) "),"") | P56: =IF(F56="Yes", IFERROR(VLOOKUP(D56, Repository!A:F, 6, 0), ""), "") | Q56: =IF(F56="Yes", IFERROR(VLOOKUP(D56, Repository!A:I, 8, 0), ""), "") | R56: =IF(F56="Yes", IFERROR(VLOOKUP(D56, Repository!A:J, 9, 0), ""), "") | AI56: =IF(L56="","", IF(L56="Blocker",1, IF(L56="Critical",2, IF(L56="Major",3, IF(L56="Minor",4,""))))) | AJ56: =IF(P56="","", IF(P56="A",1, IF(P56="AA",2, IF(P56="AAA",3,""))))
B57: =IFERROR(__xludf.DUMMYFUNCTION("ARRAY_CONSTRAIN( ARRAYFORMULA( IF( 'Final Report'!A57="""", """", TEXTJOIN( "", "" & CHAR(10), TRUE, IFERROR( VLOOKUP( TRIM( SPLIT('Final Report'!A57, "","") )"&", 'URL Details'!A:B, 2, FALSE ), """" ) ) ) ), 1, 1 ) "),"") | C57: =IFERROR(__xludf.DUMMYFUNCTION("IFERROR(IF('Final Report'!A57="""","""", TEXTJOIN(CHAR(10), TRUE, ARRAYFORMULA( ""• ""& FILTER( TRIM(FLATTEN(SPLIT( REGEXREPLACE( SUBSTITUTE(TEXTJOIN("","", TRUE, IFERROR(ARRAYFORMULA(VLOOKUP(TRIM(SPLIT('Final Report'!A57, "","")), 'URL Details'!A:D, 4, F"&"ALSE)),"""") ), CHAR(10), "",""), ""\s*,\s*"", "",""), "",""))), TRIM(FLATTEN(SPLIT( REGEXREPLACE( SUBSTITUTE(TEXTJOIN("","", TRUE, IFERROR(ARRAYFORMULA(VLOOKUP(TRIM(SPLIT('Final Report'!A57, "","")), 'URL Details'!A:D, 4, FALSE)),"""") ), CHAR(10), "","""&"), ""\s*,\s*"", "",""), "","")))<>"""" ) ) ) ),"""") "),"") | F57: FALSE | G57: =IF(F57=True, IFERROR(VLOOKUP(D57, Repository!A:B, 2, 0), ""), "") | J57: =IF(F57=True, IFERROR(VLOOKUP(D57, Repository!A:C, 3, 0), ""), "") | L57: =IF(F57=True, IFERROR(VLOOKUP(D57, Repository!A:E, 5, 0), ""), "") | N57: =IF(F57=True, IFERROR(VLOOKUP(D57, Repository!A:G, 7, 0), ""), "") | O57: =IFERROR(__xludf.DUMMYFUNCTION("ARRAY_CONSTRAIN( ARRAYFORMULA( IFERROR( LET( list, N57, arr, TRIM(SPLIT(list, "","")), names, XLOOKUP( arr, 'Conformance Score'!A:A, 'Conformance Score'!B:B, ""Not found"" "&" ), TEXTJOIN("", "", TRUE, names) ), """" ) ), 1, 1 ) "),"") | P57: =IF(F57="Yes", IFERROR(VLOOKUP(D57, Repository!A:F, 6, 0), ""), "") | Q57: =IF(F57="Yes", IFERROR(VLOOKUP(D57, Repository!A:I, 8, 0), ""), "") | R57: =IF(F57="Yes", IFERROR(VLOOKUP(D57, Repository!A:J, 9, 0), ""), "") | AI57: =IF(L57="","", IF(L57="Blocker",1, IF(L57="Critical",2, IF(L57="Major",3, IF(L57="Minor",4,""))))) | AJ57: =IF(P57="","", IF(P57="A",1, IF(P57="AA",2, IF(P57="AAA",3,""))))
B58: =IFERROR(__xludf.DUMMYFUNCTION("ARRAY_CONSTRAIN( ARRAYFORMULA( IF( 'Final Report'!A58="""", """", TEXTJOIN( "", "" & CHAR(10), TRUE, IFERROR( VLOOKUP( TRIM( SPLIT('Final Report'!A58, "","") )"&", 'URL Details'!A:B, 2, FALSE ), """" ) ) ) ), 1, 1 ) "),"") | C58: =IFERROR(__xludf.DUMMYFUNCTION("IFERROR(IF('Final Report'!A58="""","""", TEXTJOIN(CHAR(10), TRUE, ARRAYFORMULA( ""• ""& FILTER( TRIM(FLATTEN(SPLIT( REGEXREPLACE( SUBSTITUTE(TEXTJOIN("","", TRUE, IFERROR(ARRAYFORMULA(VLOOKUP(TRIM(SPLIT('Final Report'!A58, "","")), 'URL Details'!A:D, 4, F"&"ALSE)),"""") ), CHAR(10), "",""), ""\s*,\s*"", "",""), "",""))), TRIM(FLATTEN(SPLIT( REGEXREPLACE( SUBSTITUTE(TEXTJOIN("","", TRUE, IFERROR(ARRAYFORMULA(VLOOKUP(TRIM(SPLIT('Final Report'!A58, "","")), 'URL Details'!A:D, 4, FALSE)),"""") ), CHAR(10), "","""&"), ""\s*,\s*"", "",""), "","")))<>"""" ) ) ) ),"""") "),"") | F58: FALSE | G58: =IF(F58=True, IFERROR(VLOOKUP(D58, Repository!A:B, 2, 0), ""), "") | J58: =IF(F58=True, IFERROR(VLOOKUP(D58, Repository!A:C, 3, 0), ""), "") | L58: =IF(F58=True, IFERROR(VLOOKUP(D58, Repository!A:E, 5, 0), ""), "") | N58: =IF(F58=True, IFERROR(VLOOKUP(D58, Repository!A:G, 7, 0), ""), "") | O58: =IFERROR(__xludf.DUMMYFUNCTION("ARRAY_CONSTRAIN( ARRAYFORMULA( IFERROR( LET( list, N58, arr, TRIM(SPLIT(list, "","")), names, XLOOKUP( arr, 'Conformance Score'!A:A, 'Conformance Score'!B:B, ""Not found"" "&" ), TEXTJOIN("", "", TRUE, names) ), """" ) ), 1, 1 ) "),"") | P58: =IF(F58="Yes", IFERROR(VLOOKUP(D58, Repository!A:F, 6, 0), ""), "") | Q58: =IF(F58="Yes", IFERROR(VLOOKUP(D58, Repository!A:I, 8, 0), ""), "") | R58: =IF(F58="Yes", IFERROR(VLOOKUP(D58, Repository!A:J, 9, 0), ""), "") | AI58: =IF(L58="","", IF(L58="Blocker",1, IF(L58="Critical",2, IF(L58="Major",3, IF(L58="Minor",4,""))))) | AJ58: =IF(P58="","", IF(P58="A",1, IF(P58="AA",2, IF(P58="AAA",3,""))))
B59: =IFERROR(__xludf.DUMMYFUNCTION("ARRAY_CONSTRAIN( ARRAYFORMULA( IF( 'Final Report'!A59="""", """", TEXTJOIN( "", "" & CHAR(10), TRUE, IFERROR( VLOOKUP( TRIM( SPLIT('Final Report'!A59, "","") )"&", 'URL Details'!A:B, 2, FALSE ), """" ) ) ) ), 1, 1 ) "),"") | C59: =IFERROR(__xludf.DUMMYFUNCTION("IFERROR(IF('Final Report'!A59="""","""", TEXTJOIN(CHAR(10), TRUE, ARRAYFORMULA( ""• ""& FILTER( TRIM(FLATTEN(SPLIT( REGEXREPLACE( SUBSTITUTE(TEXTJOIN("","", TRUE, IFERROR(ARRAYFORMULA(VLOOKUP(TRIM(SPLIT('Final Report'!A59, "","")), 'URL Details'!A:D, 4, F"&"ALSE)),"""") ), CHAR(10), "",""), ""\s*,\s*"", "",""), "",""))), TRIM(FLATTEN(SPLIT( REGEXREPLACE( SUBSTITUTE(TEXTJOIN("","", TRUE, IFERROR(ARRAYFORMULA(VLOOKUP(TRIM(SPLIT('Final Report'!A59, "","")), 'URL Details'!A:D, 4, FALSE)),"""") ), CHAR(10), "","""&"), ""\s*,\s*"", "",""), "","")))<>"""" ) ) ) ),"""") "),"") | F59: FALSE | G59: =IF(F59=True, IFERROR(VLOOKUP(D59, Repository!A:B, 2, 0), ""), "") | J59: =IF(F59=True, IFERROR(VLOOKUP(D59, Repository!A:C, 3, 0), ""), "") | L59: =IF(F59=True, IFERROR(VLOOKUP(D59, Repository!A:E, 5, 0), ""), "") | N59: =IF(F59=True, IFERROR(VLOOKUP(D59, Repository!A:G, 7, 0), ""), "") | O59: =IFERROR(__xludf.DUMMYFUNCTION("ARRAY_CONSTRAIN( ARRAYFORMULA( IFERROR( LET( list, N59, arr, TRIM(SPLIT(list, "","")), names, XLOOKUP( arr, 'Conformance Score'!A:A, 'Conformance Score'!B:B, ""Not found"" "&" ), TEXTJOIN("", "", TRUE, names) ), """" ) ), 1, 1 ) "),"") | P59: =IF(F59="Yes", IFERROR(VLOOKUP(D59, Repository!A:F, 6, 0), ""), "") | Q59: =IF(F59="Yes", IFERROR(VLOOKUP(D59, Repository!A:I, 8, 0), ""), "") | R59: =IF(F59="Yes", IFERROR(VLOOKUP(D59, Repository!A:J, 9, 0), ""), "") | AI59: =IF(L59="","", IF(L59="Blocker",1, IF(L59="Critical",2, IF(L59="Major",3, IF(L59="Minor",4,""))))) | AJ59: =IF(P59="","", IF(P59="A",1, IF(P59="AA",2, IF(P59="AAA",3,""))))
B60: =IFERROR(__xludf.DUMMYFUNCTION("ARRAY_CONSTRAIN( ARRAYFORMULA( IF( 'Final Report'!A60="""", """", TEXTJOIN( "", "" & CHAR(10), TRUE, IFERROR( VLOOKUP( TRIM( SPLIT('Final Report'!A60, "","") )"&", 'URL Details'!A:B, 2, FALSE ), """" ) ) ) ), 1, 1 ) "),"") | C60: =IFERROR(__xludf.DUMMYFUNCTION("IFERROR(IF('Final Report'!A60="""","""", TEXTJOIN(CHAR(10), TRUE, ARRAYFORMULA( ""• ""& FILTER( TRIM(FLATTEN(SPLIT( REGEXREPLACE( SUBSTITUTE(TEXTJOIN("","", TRUE, IFERROR(ARRAYFORMULA(VLOOKUP(TRIM(SPLIT('Final Report'!A60, "","")), 'URL Details'!A:D, 4, F"&"ALSE)),"""") ), CHAR(10), "",""), ""\s*,\s*"", "",""), "",""))), TRIM(FLATTEN(SPLIT( REGEXREPLACE( SUBSTITUTE(TEXTJOIN("","", TRUE, IFERROR(ARRAYFORMULA(VLOOKUP(TRIM(SPLIT('Final Report'!A60, "","")), 'URL Details'!A:D, 4, FALSE)),"""") ), CHAR(10), "","""&"), ""\s*,\s*"", "",""), "","")))<>"""" ) ) ) ),"""") "),"") | F60: FALSE | G60: =IF(F60=True, IFERROR(VLOOKUP(D60, Repository!A:B, 2, 0), ""), "") | J60: =IF(F60=True, IFERROR(VLOOKUP(D60, Repository!A:C, 3, 0), ""), "") | L60: =IF(F60=True, IFERROR(VLOOKUP(D60, Repository!A:E, 5, 0), ""), "") | N60: =IF(F60=True, IFERROR(VLOOKUP(D60, Repository!A:G, 7, 0), ""), "") | O60: =IFERROR(__xludf.DUMMYFUNCTION("ARRAY_CONSTRAIN( ARRAYFORMULA( IFERROR( LET( list, N60, arr, TRIM(SPLIT(list, "","")), names, XLOOKUP( arr, 'Conformance Score'!A:A, 'Conformance Score'!B:B, ""Not found"" "&" ), TEXTJOIN("", "", TRUE, names) ), """" ) ), 1, 1 ) "),"") | P60: =IF(F60="Yes", IFERROR(VLOOKUP(D60, Repository!A:F, 6, 0), ""), "") | Q60: =IF(F60="Yes", IFERROR(VLOOKUP(D60, Repository!A:I, 8, 0), ""), "") | R60: =IF(F60="Yes", IFERROR(VLOOKUP(D60, Repository!A:J, 9, 0), ""), "") | AI60: =IF(L60="","", IF(L60="Blocker",1, IF(L60="Critical",2, IF(L60="Major",3, IF(L60="Minor",4,""))))) | AJ60: =IF(P60="","", IF(P60="A",1, IF(P60="AA",2, IF(P60="AAA",3,""))))
B61: =IFERROR(__xludf.DUMMYFUNCTION("ARRAY_CONSTRAIN( ARRAYFORMULA( IF( 'Final Report'!A61="""", """", TEXTJOIN( "", "" & CHAR(10), TRUE, IFERROR( VLOOKUP( TRIM( SPLIT('Final Report'!A61, "","") )"&", 'URL Details'!A:B, 2, FALSE ), """" ) ) ) ), 1, 1 ) "),"") | C61: =IFERROR(__xludf.DUMMYFUNCTION("IFERROR(IF('Final Report'!A61="""","""", TEXTJOIN(CHAR(10), TRUE, ARRAYFORMULA( ""• ""& FILTER( TRIM(FLATTEN(SPLIT( REGEXREPLACE( SUBSTITUTE(TEXTJOIN("","", TRUE, IFERROR(ARRAYFORMULA(VLOOKUP(TRIM(SPLIT('Final Report'!A61, "","")), 'URL Details'!A:D, 4, F"&"ALSE)),"""") ), CHAR(10), "",""), ""\s*,\s*"", "",""), "",""))), TRIM(FLATTEN(SPLIT( REGEXREPLACE( SUBSTITUTE(TEXTJOIN("","", TRUE, IFERROR(ARRAYFORMULA(VLOOKUP(TRIM(SPLIT('Final Report'!A61, "","")), 'URL Details'!A:D, 4, FALSE)),"""") ), CHAR(10), "","""&"), ""\s*,\s*"", "",""), "","")))<>"""" ) ) ) ),"""") "),"") | F61: FALSE | G61: =IF(F61=True, IFERROR(VLOOKUP(D61, Repository!A:B, 2, 0), ""), "") | J61: =IF(F61=True, IFERROR(VLOOKUP(D61, Repository!A:C, 3, 0), ""), "") | L61: =IF(F61=True, IFERROR(VLOOKUP(D61, Repository!A:E, 5, 0), ""), "") | N61: =IF(F61=True, IFERROR(VLOOKUP(D61, Repository!A:G, 7, 0), ""), "") | O61: =IFERROR(__xludf.DUMMYFUNCTION("ARRAY_CONSTRAIN( ARRAYFORMULA( IFERROR( LET( list, N61, arr, TRIM(SPLIT(list, "","")), names, XLOOKUP( arr, 'Conformance Score'!A:A, 'Conformance Score'!B:B, ""Not found"" "&" ), TEXTJOIN("", "", TRUE, names) ), """" ) ), 1, 1 ) "),"") | P61: =IF(F61="Yes", IFERROR(VLOOKUP(D61, Repository!A:F, 6, 0), ""), "") | Q61: =IF(F61="Yes", IFERROR(VLOOKUP(D61, Repository!A:I, 8, 0), ""), "") | R61: =IF(F61="Yes", IFERROR(VLOOKUP(D61, Repository!A:J, 9, 0), ""), "") | AI61: =IF(L61="","", IF(L61="Blocker",1, IF(L61="Critical",2, IF(L61="Major",3, IF(L61="Minor",4,""))))) | AJ61: =IF(P61="","", IF(P61="A",1, IF(P61="AA",2, IF(P61="AAA",3,""))))
B62: =IFERROR(__xludf.DUMMYFUNCTION("ARRAY_CONSTRAIN( ARRAYFORMULA( IF( 'Final Report'!A62="""", """", TEXTJOIN( "", "" & CHAR(10), TRUE, IFERROR( VLOOKUP( TRIM( SPLIT('Final Report'!A62, "","") )"&", 'URL Details'!A:B, 2, FALSE ), """" ) ) ) ), 1, 1 ) "),"") | C62: =IFERROR(__xludf.DUMMYFUNCTION("IFERROR(IF('Final Report'!A62="""","""", TEXTJOIN(CHAR(10), TRUE, ARRAYFORMULA( ""• ""& FILTER( TRIM(FLATTEN(SPLIT( REGEXREPLACE( SUBSTITUTE(TEXTJOIN("","", TRUE, IFERROR(ARRAYFORMULA(VLOOKUP(TRIM(SPLIT('Final Report'!A62, "","")), 'URL Details'!A:D, 4, F"&"ALSE)),"""") ), CHAR(10), "",""), ""\s*,\s*"", "",""), "",""))), TRIM(FLATTEN(SPLIT( REGEXREPLACE( SUBSTITUTE(TEXTJOIN("","", TRUE, IFERROR(ARRAYFORMULA(VLOOKUP(TRIM(SPLIT('Final Report'!A62, "","")), 'URL Details'!A:D, 4, FALSE)),"""") ), CHAR(10), "","""&"), ""\s*,\s*"", "",""), "","")))<>"""" ) ) ) ),"""") "),"") | F62: FALSE | G62: =IF(F62=True, IFERROR(VLOOKUP(D62, Repository!A:B, 2, 0), ""), "") | J62: =IF(F62=True, IFERROR(VLOOKUP(D62, Repository!A:C, 3, 0), ""), "") | L62: =IF(F62=True, IFERROR(VLOOKUP(D62, Repository!A:E, 5, 0), ""), "") | N62: =IF(F62=True, IFERROR(VLOOKUP(D62, Repository!A:G, 7, 0), ""), "") | O62: =IFERROR(__xludf.DUMMYFUNCTION("ARRAY_CONSTRAIN( ARRAYFORMULA( IFERROR( LET( list, N62, arr, TRIM(SPLIT(list, "","")), names, XLOOKUP( arr, 'Conformance Score'!A:A, 'Conformance Score'!B:B, ""Not found"" "&" ), TEXTJOIN("", "", TRUE, names) ), """" ) ), 1, 1 ) "),"") | P62: =IF(F62="Yes", IFERROR(VLOOKUP(D62, Repository!A:F, 6, 0), ""), "") | Q62: =IF(F62="Yes", IFERROR(VLOOKUP(D62, Repository!A:I, 8, 0), ""), "") | R62: =IF(F62="Yes", IFERROR(VLOOKUP(D62, Repository!A:J, 9, 0), ""), "") | AI62: =IF(L62="","", IF(L62="Blocker",1, IF(L62="Critical",2, IF(L62="Major",3, IF(L62="Minor",4,""))))) | AJ62: =IF(P62="","", IF(P62="A",1, IF(P62="AA",2, IF(P62="AAA",3,""))))
B63: =IFERROR(__xludf.DUMMYFUNCTION("ARRAY_CONSTRAIN( ARRAYFORMULA( IF( 'Final Report'!A63="""", """", TEXTJOIN( "", "" & CHAR(10), TRUE, IFERROR( VLOOKUP( TRIM( SPLIT('Final Report'!A63, "","") )"&", 'URL Details'!A:B, 2, FALSE ), """" ) ) ) ), 1, 1 ) "),"") | C63: =IFERROR(__xludf.DUMMYFUNCTION("IFERROR(IF('Final Report'!A63="""","""", TEXTJOIN(CHAR(10), TRUE, ARRAYFORMULA( ""• ""& FILTER( TRIM(FLATTEN(SPLIT( REGEXREPLACE( SUBSTITUTE(TEXTJOIN("","", TRUE, IFERROR(ARRAYFORMULA(VLOOKUP(TRIM(SPLIT('Final Report'!A63, "","")), 'URL Details'!A:D, 4, F"&"ALSE)),"""") ), CHAR(10), "",""), ""\s*,\s*"", "",""), "",""))), TRIM(FLATTEN(SPLIT( REGEXREPLACE( SUBSTITUTE(TEXTJOIN("","", TRUE, IFERROR(ARRAYFORMULA(VLOOKUP(TRIM(SPLIT('Final Report'!A63, "","")), 'URL Details'!A:D, 4, FALSE)),"""") ), CHAR(10), "","""&"), ""\s*,\s*"", "",""), "","")))<>"""" ) ) ) ),"""") "),"") | F63: FALSE | G63: =IF(F63=True, IFERROR(VLOOKUP(D63, Repository!A:B, 2, 0), ""), "") | J63: =IF(F63=True, IFERROR(VLOOKUP(D63, Repository!A:C, 3, 0), ""), "") | L63: =IF(F63=True, IFERROR(VLOOKUP(D63, Repository!A:E, 5, 0), ""), "") | N63: =IF(F63=True, IFERROR(VLOOKUP(D63, Repository!A:G, 7, 0), ""), "") | O63: =IFERROR(__xludf.DUMMYFUNCTION("ARRAY_CONSTRAIN( ARRAYFORMULA( IFERROR( LET( list, N63, arr, TRIM(SPLIT(list, "","")), names, XLOOKUP( arr, 'Conformance Score'!A:A, 'Conformance Score'!B:B, ""Not found"" "&" ), TEXTJOIN("", "", TRUE, names) ), """" ) ), 1, 1 ) "),"") | P63: =IF(F63="Yes", IFERROR(VLOOKUP(D63, Repository!A:F, 6, 0), ""), "") | Q63: =IF(F63="Yes", IFERROR(VLOOKUP(D63, Repository!A:I, 8, 0), ""), "") | R63: =IF(F63="Yes", IFERROR(VLOOKUP(D63, Repository!A:J, 9, 0), ""), "") | AI63: =IF(L63="","", IF(L63="Blocker",1, IF(L63="Critical",2, IF(L63="Major",3, IF(L63="Minor",4,""))))) | AJ63: =IF(P63="","", IF(P63="A",1, IF(P63="AA",2, IF(P63="AAA",3,""))))
B64: =IFERROR(__xludf.DUMMYFUNCTION("ARRAY_CONSTRAIN( ARRAYFORMULA( IF( 'Final Report'!A64="""", """", TEXTJOIN( "", "" & CHAR(10), TRUE, IFERROR( VLOOKUP( TRIM( SPLIT('Final Report'!A64, "","") )"&", 'URL Details'!A:B, 2, FALSE ), """" ) ) ) ), 1, 1 ) "),"") | C64: =IFERROR(__xludf.DUMMYFUNCTION("IFERROR(IF('Final Report'!A64="""","""", TEXTJOIN(CHAR(10), TRUE, ARRAYFORMULA( ""• ""& FILTER( TRIM(FLATTEN(SPLIT( REGEXREPLACE( SUBSTITUTE(TEXTJOIN("","", TRUE, IFERROR(ARRAYFORMULA(VLOOKUP(TRIM(SPLIT('Final Report'!A64, "","")), 'URL Details'!A:D, 4, F"&"ALSE)),"""") ), CHAR(10), "",""), ""\s*,\s*"", "",""), "",""))), TRIM(FLATTEN(SPLIT( REGEXREPLACE( SUBSTITUTE(TEXTJOIN("","", TRUE, IFERROR(ARRAYFORMULA(VLOOKUP(TRIM(SPLIT('Final Report'!A64, "","")), 'URL Details'!A:D, 4, FALSE)),"""") ), CHAR(10), "","""&"), ""\s*,\s*"", "",""), "","")))<>"""" ) ) ) ),"""") "),"") | F64: FALSE | G64: =IF(F64=True, IFERROR(VLOOKUP(D64, Repository!A:B, 2, 0), ""), "") | J64: =IF(F64=True, IFERROR(VLOOKUP(D64, Repository!A:C, 3, 0), ""), "") | L64: =IF(F64=True, IFERROR(VLOOKUP(D64, Repository!A:E, 5, 0), ""), "") | N64: =IF(F64=True, IFERROR(VLOOKUP(D64, Repository!A:G, 7, 0), ""), "") | O64: =IFERROR(__xludf.DUMMYFUNCTION("ARRAY_CONSTRAIN( ARRAYFORMULA( IFERROR( LET( list, N64, arr, TRIM(SPLIT(list, "","")), names, XLOOKUP( arr, 'Conformance Score'!A:A, 'Conformance Score'!B:B, ""Not found"" "&" ), TEXTJOIN("", "", TRUE, names) ), """" ) ), 1, 1 ) "),"") | P64: =IF(F64="Yes", IFERROR(VLOOKUP(D64, Repository!A:F, 6, 0), ""), "") | Q64: =IF(F64="Yes", IFERROR(VLOOKUP(D64, Repository!A:I, 8, 0), ""), "") | R64: =IF(F64="Yes", IFERROR(VLOOKUP(D64, Repository!A:J, 9, 0), ""), "") | AI64: =IF(L64="","", IF(L64="Blocker",1, IF(L64="Critical",2, IF(L64="Major",3, IF(L64="Minor",4,""))))) | AJ64: =IF(P64="","", IF(P64="A",1, IF(P64="AA",2, IF(P64="AAA",3,""))))
B65: =IFERROR(__xludf.DUMMYFUNCTION("ARRAY_CONSTRAIN( ARRAYFORMULA( IF( 'Final Report'!A65="""", """", TEXTJOIN( "", "" & CHAR(10), TRUE, IFERROR( VLOOKUP( TRIM( SPLIT('Final Report'!A65, "","") )"&", 'URL Details'!A:B, 2, FALSE ), """" ) ) ) ), 1, 1 ) "),"") | C65: =IFERROR(__xludf.DUMMYFUNCTION("IFERROR(IF('Final Report'!A65="""","""", TEXTJOIN(CHAR(10), TRUE, ARRAYFORMULA( ""• ""& FILTER( TRIM(FLATTEN(SPLIT( REGEXREPLACE( SUBSTITUTE(TEXTJOIN("","", TRUE, IFERROR(ARRAYFORMULA(VLOOKUP(TRIM(SPLIT('Final Report'!A65, "","")), 'URL Details'!A:D, 4, F"&"ALSE)),"""") ), CHAR(10), "",""), ""\s*,\s*"", "",""), "",""))), TRIM(FLATTEN(SPLIT( REGEXREPLACE( SUBSTITUTE(TEXTJOIN("","", TRUE, IFERROR(ARRAYFORMULA(VLOOKUP(TRIM(SPLIT('Final Report'!A65, "","")), 'URL Details'!A:D, 4, FALSE)),"""") ), CHAR(10), "","""&"), ""\s*,\s*"", "",""), "","")))<>"""" ) ) ) ),"""") "),"") | F65: FALSE | G65: =IF(F65=True, IFERROR(VLOOKUP(D65, Repository!A:B, 2, 0), ""), "") | J65: =IF(F65=True, IFERROR(VLOOKUP(D65, Repository!A:C, 3, 0), ""), "") | L65: =IF(F65=True, IFERROR(VLOOKUP(D65, Repository!A:E, 5, 0), ""), "") | N65: =IF(F65=True, IFERROR(VLOOKUP(D65, Repository!A:G, 7, 0), ""), "") | O65: =IFERROR(__xludf.DUMMYFUNCTION("ARRAY_CONSTRAIN( ARRAYFORMULA( IFERROR( LET( list, N65, arr, TRIM(SPLIT(list, "","")), names, XLOOKUP( arr, 'Conformance Score'!A:A, 'Conformance Score'!B:B, ""Not found"" "&" ), TEXTJOIN("", "", TRUE, names) ), """" ) ), 1, 1 ) "),"") | P65: =IF(F65="Yes", IFERROR(VLOOKUP(D65, Repository!A:F, 6, 0), ""), "") | Q65: =IF(F65="Yes", IFERROR(VLOOKUP(D65, Repository!A:I, 8, 0), ""), "") | R65: =IF(F65="Yes", IFERROR(VLOOKUP(D65, Repository!A:J, 9, 0), ""), "") | AI65: =IF(L65="","", IF(L65="Blocker",1, IF(L65="Critical",2, IF(L65="Major",3, IF(L65="Minor",4,""))))) | AJ65: =IF(P65="","", IF(P65="A",1, IF(P65="AA",2, IF(P65="AAA",3,""))))
B66: =IFERROR(__xludf.DUMMYFUNCTION("ARRAY_CONSTRAIN( ARRAYFORMULA( IF( 'Final Report'!A66="""", """", TEXTJOIN( "", "" & CHAR(10), TRUE, IFERROR( VLOOKUP( TRIM( SPLIT('Final Report'!A66, "","") )"&", 'URL Details'!A:B, 2, FALSE ), """" ) ) ) ), 1, 1 ) "),"") | C66: =IFERROR(__xludf.DUMMYFUNCTION("IFERROR(IF('Final Report'!A66="""","""", TEXTJOIN(CHAR(10), TRUE, ARRAYFORMULA( ""• ""& FILTER( TRIM(FLATTEN(SPLIT( REGEXREPLACE( SUBSTITUTE(TEXTJOIN("","", TRUE, IFERROR(ARRAYFORMULA(VLOOKUP(TRIM(SPLIT('Final Report'!A66, "","")), 'URL Details'!A:D, 4, F"&"ALSE)),"""") ), CHAR(10), "",""), ""\s*,\s*"", "",""), "",""))), TRIM(FLATTEN(SPLIT( REGEXREPLACE( SUBSTITUTE(TEXTJOIN("","", TRUE, IFERROR(ARRAYFORMULA(VLOOKUP(TRIM(SPLIT('Final Report'!A66, "","")), 'URL Details'!A:D, 4, FALSE)),"""") ), CHAR(10), "","""&"), ""\s*,\s*"", "",""), "","")))<>"""" ) ) ) ),"""") "),"") | F66: FALSE | G66: =IF(F66=True, IFERROR(VLOOKUP(D66, Repository!A:B, 2, 0), ""), "") | J66: =IF(F66=True, IFERROR(VLOOKUP(D66, Repository!A:C, 3, 0), ""), "") | L66: =IF(F66=True, IFERROR(VLOOKUP(D66, Repository!A:E, 5, 0), ""), "") | N66: =IF(F66=True, IFERROR(VLOOKUP(D66, Repository!A:G, 7, 0), ""), "") | O66: =IFERROR(__xludf.DUMMYFUNCTION("ARRAY_CONSTRAIN( ARRAYFORMULA( IFERROR( LET( list, N66, arr, TRIM(SPLIT(list, "","")), names, XLOOKUP( arr, 'Conformance Score'!A:A, 'Conformance Score'!B:B, ""Not found"" "&" ), TEXTJOIN("", "", TRUE, names) ), """" ) ), 1, 1 ) "),"") | P66: =IF(F66="Yes", IFERROR(VLOOKUP(D66, Repository!A:F, 6, 0), ""), "") | Q66: =IF(F66="Yes", IFERROR(VLOOKUP(D66, Repository!A:I, 8, 0), ""), "") | R66: =IF(F66="Yes", IFERROR(VLOOKUP(D66, Repository!A:J, 9, 0), ""), "") | AI66: =IF(L66="","", IF(L66="Blocker",1, IF(L66="Critical",2, IF(L66="Major",3, IF(L66="Minor",4,""))))) | AJ66: =IF(P66="","", IF(P66="A",1, IF(P66="AA",2, IF(P66="AAA",3,""))))
B67: =IFERROR(__xludf.DUMMYFUNCTION("ARRAY_CONSTRAIN( ARRAYFORMULA( IF( 'Final Report'!A67="""", """", TEXTJOIN( "", "" & CHAR(10), TRUE, IFERROR( VLOOKUP( TRIM( SPLIT('Final Report'!A67, "","") )"&", 'URL Details'!A:B, 2, FALSE ), """" ) ) ) ), 1, 1 ) "),"") | C67: =IFERROR(__xludf.DUMMYFUNCTION("IFERROR(IF('Final Report'!A67="""","""", TEXTJOIN(CHAR(10), TRUE, ARRAYFORMULA( ""• ""& FILTER( TRIM(FLATTEN(SPLIT( REGEXREPLACE( SUBSTITUTE(TEXTJOIN("","", TRUE, IFERROR(ARRAYFORMULA(VLOOKUP(TRIM(SPLIT('Final Report'!A67, "","")), 'URL Details'!A:D, 4, F"&"ALSE)),"""") ), CHAR(10), "",""), ""\s*,\s*"", "",""), "",""))), TRIM(FLATTEN(SPLIT( REGEXREPLACE( SUBSTITUTE(TEXTJOIN("","", TRUE, IFERROR(ARRAYFORMULA(VLOOKUP(TRIM(SPLIT('Final Report'!A67, "","")), 'URL Details'!A:D, 4, FALSE)),"""") ), CHAR(10), "","""&"), ""\s*,\s*"", "",""), "","")))<>"""" ) ) ) ),"""") "),"") | F67: FALSE | G67: =IF(F67=True, IFERROR(VLOOKUP(D67, Repository!A:B, 2, 0), ""), "") | J67: =IF(F67=True, IFERROR(VLOOKUP(D67, Repository!A:C, 3, 0), ""), "") | L67: =IF(F67=True, IFERROR(VLOOKUP(D67, Repository!A:E, 5, 0), ""), "") | N67: =IF(F67=True, IFERROR(VLOOKUP(D67, Repository!A:G, 7, 0), ""), "") | O67: =IFERROR(__xludf.DUMMYFUNCTION("ARRAY_CONSTRAIN( ARRAYFORMULA( IFERROR( LET( list, N67, arr, TRIM(SPLIT(list, "","")), names, XLOOKUP( arr, 'Conformance Score'!A:A, 'Conformance Score'!B:B, ""Not found"" "&" ), TEXTJOIN("", "", TRUE, names) ), """" ) ), 1, 1 ) "),"") | P67: =IF(F67="Yes", IFERROR(VLOOKUP(D67, Repository!A:F, 6, 0), ""), "") | Q67: =IF(F67="Yes", IFERROR(VLOOKUP(D67, Repository!A:I, 8, 0), ""), "") | R67: =IF(F67="Yes", IFERROR(VLOOKUP(D67, Repository!A:J, 9, 0), ""), "") | AI67: =IF(L67="","", IF(L67="Blocker",1, IF(L67="Critical",2, IF(L67="Major",3, IF(L67="Minor",4,""))))) | AJ67: =IF(P67="","", IF(P67="A",1, IF(P67="AA",2, IF(P67="AAA",3,""))))
B68: =IFERROR(__xludf.DUMMYFUNCTION("ARRAY_CONSTRAIN( ARRAYFORMULA( IF( 'Final Report'!A68="""", """", TEXTJOIN( "", "" & CHAR(10), TRUE, IFERROR( VLOOKUP( TRIM( SPLIT('Final Report'!A68, "","") )"&", 'URL Details'!A:B, 2, FALSE ), """" ) ) ) ), 1, 1 ) "),"") | C68: =IFERROR(__xludf.DUMMYFUNCTION("IFERROR(IF('Final Report'!A68="""","""", TEXTJOIN(CHAR(10), TRUE, ARRAYFORMULA( ""• ""& FILTER( TRIM(FLATTEN(SPLIT( REGEXREPLACE( SUBSTITUTE(TEXTJOIN("","", TRUE, IFERROR(ARRAYFORMULA(VLOOKUP(TRIM(SPLIT('Final Report'!A68, "","")), 'URL Details'!A:D, 4, F"&"ALSE)),"""") ), CHAR(10), "",""), ""\s*,\s*"", "",""), "",""))), TRIM(FLATTEN(SPLIT( REGEXREPLACE( SUBSTITUTE(TEXTJOIN("","", TRUE, IFERROR(ARRAYFORMULA(VLOOKUP(TRIM(SPLIT('Final Report'!A68, "","")), 'URL Details'!A:D, 4, FALSE)),"""") ), CHAR(10), "","""&"), ""\s*,\s*"", "",""), "","")))<>"""" ) ) ) ),"""") "),"") | F68: FALSE | G68: =IF(F68=True, IFERROR(VLOOKUP(D68, Repository!A:B, 2, 0), ""), "") | J68: =IF(F68=True, IFERROR(VLOOKUP(D68, Repository!A:C, 3, 0), ""), "") | L68: =IF(F68=True, IFERROR(VLOOKUP(D68, Repository!A:E, 5, 0), ""), "") | N68: =IF(F68=True, IFERROR(VLOOKUP(D68, Repository!A:G, 7, 0), ""), "") | O68: =IFERROR(__xludf.DUMMYFUNCTION("ARRAY_CONSTRAIN( ARRAYFORMULA( IFERROR( LET( list, N68, arr, TRIM(SPLIT(list, "","")), names, XLOOKUP( arr, 'Conformance Score'!A:A, 'Conformance Score'!B:B, ""Not found"" "&" ), TEXTJOIN("", "", TRUE, names) ), """" ) ), 1, 1 ) "),"") | P68: =IF(F68="Yes", IFERROR(VLOOKUP(D68, Repository!A:F, 6, 0), ""), "") | Q68: =IF(F68="Yes", IFERROR(VLOOKUP(D68, Repository!A:I, 8, 0), ""), "") | R68: =IF(F68="Yes", IFERROR(VLOOKUP(D68, Repository!A:J, 9, 0), ""), "") | AI68: =IF(L68="","", IF(L68="Blocker",1, IF(L68="Critical",2, IF(L68="Major",3, IF(L68="Minor",4,""))))) | AJ68: =IF(P68="","", IF(P68="A",1, IF(P68="AA",2, IF(P68="AAA",3,""))))
B69: =IFERROR(__xludf.DUMMYFUNCTION("ARRAY_CONSTRAIN( ARRAYFORMULA( IF( 'Final Report'!A69="""", """", TEXTJOIN( "", "" & CHAR(10), TRUE, IFERROR( VLOOKUP( TRIM( SPLIT('Final Report'!A69, "","") )"&", 'URL Details'!A:B, 2, FALSE ), """" ) ) ) ), 1, 1 ) "),"") | C69: =IFERROR(__xludf.DUMMYFUNCTION("IFERROR(IF('Final Report'!A69="""","""", TEXTJOIN(CHAR(10), TRUE, ARRAYFORMULA( ""• ""& FILTER( TRIM(FLATTEN(SPLIT( REGEXREPLACE( SUBSTITUTE(TEXTJOIN("","", TRUE, IFERROR(ARRAYFORMULA(VLOOKUP(TRIM(SPLIT('Final Report'!A69, "","")), 'URL Details'!A:D, 4, F"&"ALSE)),"""") ), CHAR(10), "",""), ""\s*,\s*"", "",""), "",""))), TRIM(FLATTEN(SPLIT( REGEXREPLACE( SUBSTITUTE(TEXTJOIN("","", TRUE, IFERROR(ARRAYFORMULA(VLOOKUP(TRIM(SPLIT('Final Report'!A69, "","")), 'URL Details'!A:D, 4, FALSE)),"""") ), CHAR(10), "","""&"), ""\s*,\s*"", "",""), "","")))<>"""" ) ) ) ),"""") "),"") | F69: FALSE | G69: =IF(F69=True, IFERROR(VLOOKUP(D69, Repository!A:B, 2, 0), ""), "") | J69: =IF(F69=True, IFERROR(VLOOKUP(D69, Repository!A:C, 3, 0), ""), "") | L69: =IF(F69=True, IFERROR(VLOOKUP(D69, Repository!A:E, 5, 0), ""), "") | N69: =IF(F69=True, IFERROR(VLOOKUP(D69, Repository!A:G, 7, 0), ""), "") | O69: =IFERROR(__xludf.DUMMYFUNCTION("ARRAY_CONSTRAIN( ARRAYFORMULA( IFERROR( LET( list, N69, arr, TRIM(SPLIT(list, "","")), names, XLOOKUP( arr, 'Conformance Score'!A:A, 'Conformance Score'!B:B, ""Not found"" "&" ), TEXTJOIN("", "", TRUE, names) ), """" ) ), 1, 1 ) "),"") | P69: =IF(F69="Yes", IFERROR(VLOOKUP(D69, Repository!A:F, 6, 0), ""), "") | Q69: =IF(F69="Yes", IFERROR(VLOOKUP(D69, Repository!A:I, 8, 0), ""), "") | R69: =IF(F69="Yes", IFERROR(VLOOKUP(D69, Repository!A:J, 9, 0), ""), "") | AI69: =IF(L69="","", IF(L69="Blocker",1, IF(L69="Critical",2, IF(L69="Major",3, IF(L69="Minor",4,""))))) | AJ69: =IF(P69="","", IF(P69="A",1, IF(P69="AA",2, IF(P69="AAA",3,""))))
B70: =IFERROR(__xludf.DUMMYFUNCTION("ARRAY_CONSTRAIN( ARRAYFORMULA( IF( 'Final Report'!A70="""", """", TEXTJOIN( "", "" & CHAR(10), TRUE, IFERROR( VLOOKUP( TRIM( SPLIT('Final Report'!A70, "","") )"&", 'URL Details'!A:B, 2, FALSE ), """" ) ) ) ), 1, 1 ) "),"") | C70: =IFERROR(__xludf.DUMMYFUNCTION("IFERROR(IF('Final Report'!A70="""","""", TEXTJOIN(CHAR(10), TRUE, ARRAYFORMULA( ""• ""& FILTER( TRIM(FLATTEN(SPLIT( REGEXREPLACE( SUBSTITUTE(TEXTJOIN("","", TRUE, IFERROR(ARRAYFORMULA(VLOOKUP(TRIM(SPLIT('Final Report'!A70, "","")), 'URL Details'!A:D, 4, F"&"ALSE)),"""") ), CHAR(10), "",""), ""\s*,\s*"", "",""), "",""))), TRIM(FLATTEN(SPLIT( REGEXREPLACE( SUBSTITUTE(TEXTJOIN("","", TRUE, IFERROR(ARRAYFORMULA(VLOOKUP(TRIM(SPLIT('Final Report'!A70, "","")), 'URL Details'!A:D, 4, FALSE)),"""") ), CHAR(10), "","""&"), ""\s*,\s*"", "",""), "","")))<>"""" ) ) ) ),"""") "),"") | F70: FALSE | G70: =IF(F70=True, IFERROR(VLOOKUP(D70, Repository!A:B, 2, 0), ""), "") | J70: =IF(F70=True, IFERROR(VLOOKUP(D70, Repository!A:C, 3, 0), ""), "") | L70: =IF(F70=True, IFERROR(VLOOKUP(D70, Repository!A:E, 5, 0), ""), "") | N70: =IF(F70=True, IFERROR(VLOOKUP(D70, Repository!A:G, 7, 0), ""), "") | O70: =IFERROR(__xludf.DUMMYFUNCTION("ARRAY_CONSTRAIN( ARRAYFORMULA( IFERROR( LET( list, N70, arr, TRIM(SPLIT(list, "","")), names, XLOOKUP( arr, 'Conformance Score'!A:A, 'Conformance Score'!B:B, ""Not found"" "&" ), TEXTJOIN("", "", TRUE, names) ), """" ) ), 1, 1 ) "),"") | P70: =IF(F70="Yes", IFERROR(VLOOKUP(D70, Repository!A:F, 6, 0), ""), "") | Q70: =IF(F70="Yes", IFERROR(VLOOKUP(D70, Repository!A:I, 8, 0), ""), "") | R70: =IF(F70="Yes", IFERROR(VLOOKUP(D70, Repository!A:J, 9, 0), ""), "") | AI70: =IF(L70="","", IF(L70="Blocker",1, IF(L70="Critical",2, IF(L70="Major",3, IF(L70="Minor",4,""))))) | AJ70: =IF(P70="","", IF(P70="A",1, IF(P70="AA",2, IF(P70="AAA",3,""))))
B71: =IFERROR(__xludf.DUMMYFUNCTION("ARRAY_CONSTRAIN( ARRAYFORMULA( IF( 'Final Report'!A71="""", """", TEXTJOIN( "", "" & CHAR(10), TRUE, IFERROR( VLOOKUP( TRIM( SPLIT('Final Report'!A71, "","") )"&", 'URL Details'!A:B, 2, FALSE ), """" ) ) ) ), 1, 1 ) "),"") | C71: =IFERROR(__xludf.DUMMYFUNCTION("IFERROR(IF('Final Report'!A71="""","""", TEXTJOIN(CHAR(10), TRUE, ARRAYFORMULA( ""• ""& FILTER( TRIM(FLATTEN(SPLIT( REGEXREPLACE( SUBSTITUTE(TEXTJOIN("","", TRUE, IFERROR(ARRAYFORMULA(VLOOKUP(TRIM(SPLIT('Final Report'!A71, "","")), 'URL Details'!A:D, 4, F"&"ALSE)),"""") ), CHAR(10), "",""), ""\s*,\s*"", "",""), "",""))), TRIM(FLATTEN(SPLIT( REGEXREPLACE( SUBSTITUTE(TEXTJOIN("","", TRUE, IFERROR(ARRAYFORMULA(VLOOKUP(TRIM(SPLIT('Final Report'!A71, "","")), 'URL Details'!A:D, 4, FALSE)),"""") ), CHAR(10), "","""&"), ""\s*,\s*"", "",""), "","")))<>"""" ) ) ) ),"""") "),"") | F71: FALSE | G71: =IF(F71=True, IFERROR(VLOOKUP(D71, Repository!A:B, 2, 0), ""), "") | J71: =IF(F71=True, IFERROR(VLOOKUP(D71, Repository!A:C, 3, 0), ""), "") | L71: =IF(F71=True, IFERROR(VLOOKUP(D71, Repository!A:E, 5, 0), ""), "") | N71: =IF(F71=True, IFERROR(VLOOKUP(D71, Repository!A:G, 7, 0), ""), "") | O71: =IFERROR(__xludf.DUMMYFUNCTION("ARRAY_CONSTRAIN( ARRAYFORMULA( IFERROR( LET( list, N71, arr, TRIM(SPLIT(list, "","")), names, XLOOKUP( arr, 'Conformance Score'!A:A, 'Conformance Score'!B:B, ""Not found"" "&" ), TEXTJOIN("", "", TRUE, names) ), """" ) ), 1, 1 ) "),"") | P71: =IF(F71="Yes", IFERROR(VLOOKUP(D71, Repository!A:F, 6, 0), ""), "") | Q71: =IF(F71="Yes", IFERROR(VLOOKUP(D71, Repository!A:I, 8, 0), ""), "") | R71: =IF(F71="Yes", IFERROR(VLOOKUP(D71, Repository!A:J, 9, 0), ""), "") | AI71: =IF(L71="","", IF(L71="Blocker",1, IF(L71="Critical",2, IF(L71="Major",3, IF(L71="Minor",4,""))))) | AJ71: =IF(P71="","", IF(P71="A",1, IF(P71="AA",2, IF(P71="AAA",3,""))))
B72: =IFERROR(__xludf.DUMMYFUNCTION("ARRAY_CONSTRAIN( ARRAYFORMULA( IF( 'Final Report'!A72="""", """", TEXTJOIN( "", "" & CHAR(10), TRUE, IFERROR( VLOOKUP( TRIM( SPLIT('Final Report'!A72, "","") )"&", 'URL Details'!A:B, 2, FALSE ), """" ) ) ) ), 1, 1 ) "),"") | C72: =IFERROR(__xludf.DUMMYFUNCTION("IFERROR(IF('Final Report'!A72="""","""", TEXTJOIN(CHAR(10), TRUE, ARRAYFORMULA( ""• ""& FILTER( TRIM(FLATTEN(SPLIT( REGEXREPLACE( SUBSTITUTE(TEXTJOIN("","", TRUE, IFERROR(ARRAYFORMULA(VLOOKUP(TRIM(SPLIT('Final Report'!A72, "","")), 'URL Details'!A:D, 4, F"&"ALSE)),"""") ), CHAR(10), "",""), ""\s*,\s*"", "",""), "",""))), TRIM(FLATTEN(SPLIT( REGEXREPLACE( SUBSTITUTE(TEXTJOIN("","", TRUE, IFERROR(ARRAYFORMULA(VLOOKUP(TRIM(SPLIT('Final Report'!A72, "","")), 'URL Details'!A:D, 4, FALSE)),"""") ), CHAR(10), "","""&"), ""\s*,\s*"", "",""), "","")))<>"""" ) ) ) ),"""") "),"") | F72: FALSE | G72: =IF(F72=True, IFERROR(VLOOKUP(D72, Repository!A:B, 2, 0), ""), "") | J72: =IF(F72=True, IFERROR(VLOOKUP(D72, Repository!A:C, 3, 0), ""), "") | L72: =IF(F72=True, IFERROR(VLOOKUP(D72, Repository!A:E, 5, 0), ""), "") | N72: =IF(F72=True, IFERROR(VLOOKUP(D72, Repository!A:G, 7, 0), ""), "") | O72: =IFERROR(__xludf.DUMMYFUNCTION("ARRAY_CONSTRAIN( ARRAYFORMULA( IFERROR( LET( list, N72, arr, TRIM(SPLIT(list, "","")), names, XLOOKUP( arr, 'Conformance Score'!A:A, 'Conformance Score'!B:B, ""Not found"" "&" ), TEXTJOIN("", "", TRUE, names) ), """" ) ), 1, 1 ) "),"") | P72: =IF(F72="Yes", IFERROR(VLOOKUP(D72, Repository!A:F, 6, 0), ""), "") | Q72: =IF(F72="Yes", IFERROR(VLOOKUP(D72, Repository!A:I, 8, 0), ""), "") | R72: =IF(F72="Yes", IFERROR(VLOOKUP(D72, Repository!A:J, 9, 0), ""), "") | AI72: =IF(L72="","", IF(L72="Blocker",1, IF(L72="Critical",2, IF(L72="Major",3, IF(L72="Minor",4,""))))) | AJ72: =IF(P72="","", IF(P72="A",1, IF(P72="AA",2, IF(P72="AAA",3,""))))
B73: =IFERROR(__xludf.DUMMYFUNCTION("ARRAY_CONSTRAIN( ARRAYFORMULA( IF( 'Final Report'!A73="""", """", TEXTJOIN( "", "" & CHAR(10), TRUE, IFERROR( VLOOKUP( TRIM( SPLIT('Final Report'!A73, "","") )"&", 'URL Details'!A:B, 2, FALSE ), """" ) ) ) ), 1, 1 ) "),"") | C73: =IFERROR(__xludf.DUMMYFUNCTION("IFERROR(IF('Final Report'!A73="""","""", TEXTJOIN(CHAR(10), TRUE, ARRAYFORMULA( ""• ""& FILTER( TRIM(FLATTEN(SPLIT( REGEXREPLACE( SUBSTITUTE(TEXTJOIN("","", TRUE, IFERROR(ARRAYFORMULA(VLOOKUP(TRIM(SPLIT('Final Report'!A73, "","")), 'URL Details'!A:D, 4, F"&"ALSE)),"""") ), CHAR(10), "",""), ""\s*,\s*"", "",""), "",""))), TRIM(FLATTEN(SPLIT( REGEXREPLACE( SUBSTITUTE(TEXTJOIN("","", TRUE, IFERROR(ARRAYFORMULA(VLOOKUP(TRIM(SPLIT('Final Report'!A73, "","")), 'URL Details'!A:D, 4, FALSE)),"""") ), CHAR(10), "","""&"), ""\s*,\s*"", "",""), "","")))<>"""" ) ) ) ),"""") "),"") | F73: FALSE | G73: =IF(F73=True, IFERROR(VLOOKUP(D73, Repository!A:B, 2, 0), ""), "") | J73: =IF(F73=True, IFERROR(VLOOKUP(D73, Repository!A:C, 3, 0), ""), "") | L73: =IF(F73=True, IFERROR(VLOOKUP(D73, Repository!A:E, 5, 0), ""), "") | N73: =IF(F73=True, IFERROR(VLOOKUP(D73, Repository!A:G, 7, 0), ""), "") | O73: =IFERROR(__xludf.DUMMYFUNCTION("ARRAY_CONSTRAIN( ARRAYFORMULA( IFERROR( LET( list, N73, arr, TRIM(SPLIT(list, "","")), names, XLOOKUP( arr, 'Conformance Score'!A:A, 'Conformance Score'!B:B, ""Not found"" "&" ), TEXTJOIN("", "", TRUE, names) ), """" ) ), 1, 1 ) "),"") | P73: =IF(F73="Yes", IFERROR(VLOOKUP(D73, Repository!A:F, 6, 0), ""), "") | Q73: =IF(F73="Yes", IFERROR(VLOOKUP(D73, Repository!A:I, 8, 0), ""), "") | R73: =IF(F73="Yes", IFERROR(VLOOKUP(D73, Repository!A:J, 9, 0), ""), "") | AI73: =IF(L73="","", IF(L73="Blocker",1, IF(L73="Critical",2, IF(L73="Major",3, IF(L73="Minor",4,""))))) | AJ73: =IF(P73="","", IF(P73="A",1, IF(P73="AA",2, IF(P73="AAA",3,""))))
B74: =IFERROR(__xludf.DUMMYFUNCTION("ARRAY_CONSTRAIN( ARRAYFORMULA( IF( 'Final Report'!A74="""", """", TEXTJOIN( "", "" & CHAR(10), TRUE, IFERROR( VLOOKUP( TRIM( SPLIT('Final Report'!A74, "","") )"&", 'URL Details'!A:B, 2, FALSE ), """" ) ) ) ), 1, 1 ) "),"") | C74: =IFERROR(__xludf.DUMMYFUNCTION("IFERROR(IF('Final Report'!A74="""","""", TEXTJOIN(CHAR(10), TRUE, ARRAYFORMULA( ""• ""& FILTER( TRIM(FLATTEN(SPLIT( REGEXREPLACE( SUBSTITUTE(TEXTJOIN("","", TRUE, IFERROR(ARRAYFORMULA(VLOOKUP(TRIM(SPLIT('Final Report'!A74, "","")), 'URL Details'!A:D, 4, F"&"ALSE)),"""") ), CHAR(10), "",""), ""\s*,\s*"", "",""), "",""))), TRIM(FLATTEN(SPLIT( REGEXREPLACE( SUBSTITUTE(TEXTJOIN("","", TRUE, IFERROR(ARRAYFORMULA(VLOOKUP(TRIM(SPLIT('Final Report'!A74, "","")), 'URL Details'!A:D, 4, FALSE)),"""") ), CHAR(10), "","""&"), ""\s*,\s*"", "",""), "","")))<>"""" ) ) ) ),"""") "),"") | F74: FALSE | G74: =IF(F74=True, IFERROR(VLOOKUP(D74, Repository!A:B, 2, 0), ""), "") | J74: =IF(F74=True, IFERROR(VLOOKUP(D74, Repository!A:C, 3, 0), ""), "") | L74: =IF(F74=True, IFERROR(VLOOKUP(D74, Repository!A:E, 5, 0), ""), "") | N74: =IF(F74=True, IFERROR(VLOOKUP(D74, Repository!A:G, 7, 0), ""), "") | O74: =IFERROR(__xludf.DUMMYFUNCTION("ARRAY_CONSTRAIN( ARRAYFORMULA( IFERROR( LET( list, N74, arr, TRIM(SPLIT(list, "","")), names, XLOOKUP( arr, 'Conformance Score'!A:A, 'Conformance Score'!B:B, ""Not found"" "&" ), TEXTJOIN("", "", TRUE, names) ), """" ) ), 1, 1 ) "),"") | P74: =IF(F74="Yes", IFERROR(VLOOKUP(D74, Repository!A:F, 6, 0), ""), "") | Q74: =IF(F74="Yes", IFERROR(VLOOKUP(D74, Repository!A:I, 8, 0), ""), "") | R74: =IF(F74="Yes", IFERROR(VLOOKUP(D74, Repository!A:J, 9, 0), ""), "") | AI74: =IF(L74="","", IF(L74="Blocker",1, IF(L74="Critical",2, IF(L74="Major",3, IF(L74="Minor",4,""))))) | AJ74: =IF(P74="","", IF(P74="A",1, IF(P74="AA",2, IF(P74="AAA",3,""))))
B75: =IFERROR(__xludf.DUMMYFUNCTION("ARRAY_CONSTRAIN( ARRAYFORMULA( IF( 'Final Report'!A75="""", """", TEXTJOIN( "", "" & CHAR(10), TRUE, IFERROR( VLOOKUP( TRIM( SPLIT('Final Report'!A75, "","") )"&", 'URL Details'!A:B, 2, FALSE ), """" ) ) ) ), 1, 1 ) "),"") | C75: =IFERROR(__xludf.DUMMYFUNCTION("IFERROR(IF('Final Report'!A75="""","""", TEXTJOIN(CHAR(10), TRUE, ARRAYFORMULA( ""• ""& FILTER( TRIM(FLATTEN(SPLIT( REGEXREPLACE( SUBSTITUTE(TEXTJOIN("","", TRUE, IFERROR(ARRAYFORMULA(VLOOKUP(TRIM(SPLIT('Final Report'!A75, "","")), 'URL Details'!A:D, 4, F"&"ALSE)),"""") ), CHAR(10), "",""), ""\s*,\s*"", "",""), "",""))), TRIM(FLATTEN(SPLIT( REGEXREPLACE( SUBSTITUTE(TEXTJOIN("","", TRUE, IFERROR(ARRAYFORMULA(VLOOKUP(TRIM(SPLIT('Final Report'!A75, "","")), 'URL Details'!A:D, 4, FALSE)),"""") ), CHAR(10), "","""&"), ""\s*,\s*"", "",""), "","")))<>"""" ) ) ) ),"""") "),"") | F75: FALSE | G75: =IF(F75=True, IFERROR(VLOOKUP(D75, Repository!A:B, 2, 0), ""), "") | J75: =IF(F75=True, IFERROR(VLOOKUP(D75, Repository!A:C, 3, 0), ""), "") | L75: =IF(F75=True, IFERROR(VLOOKUP(D75, Repository!A:E, 5, 0), ""), "") | N75: =IF(F75=True, IFERROR(VLOOKUP(D75, Repository!A:G, 7, 0), ""), "") | O75: =IFERROR(__xludf.DUMMYFUNCTION("ARRAY_CONSTRAIN( ARRAYFORMULA( IFERROR( LET( list, N75, arr, TRIM(SPLIT(list, "","")), names, XLOOKUP( arr, 'Conformance Score'!A:A, 'Conformance Score'!B:B, ""Not found"" "&" ), TEXTJOIN("", "", TRUE, names) ), """" ) ), 1, 1 ) "),"") | P75: =IF(F75="Yes", IFERROR(VLOOKUP(D75, Repository!A:F, 6, 0), ""), "") | Q75: =IF(F75="Yes", IFERROR(VLOOKUP(D75, Repository!A:I, 8, 0), ""), "") | R75: =IF(F75="Yes", IFERROR(VLOOKUP(D75, Repository!A:J, 9, 0), ""), "") | AI75: =IF(L75="","", IF(L75="Blocker",1, IF(L75="Critical",2, IF(L75="Major",3, IF(L75="Minor",4,""))))) | AJ75: =IF(P75="","", IF(P75="A",1, IF(P75="AA",2, IF(P75="AAA",3,""))))
B76: =IFERROR(__xludf.DUMMYFUNCTION("ARRAY_CONSTRAIN( ARRAYFORMULA( IF( 'Final Report'!A76="""", """", TEXTJOIN( "", "" & CHAR(10), TRUE, IFERROR( VLOOKUP( TRIM( SPLIT('Final Report'!A76, "","") )"&", 'URL Details'!A:B, 2, FALSE ), """" ) ) ) ), 1, 1 ) "),"") | C76: =IFERROR(__xludf.DUMMYFUNCTION("IFERROR(IF('Final Report'!A76="""","""", TEXTJOIN(CHAR(10), TRUE, ARRAYFORMULA( ""• ""& FILTER( TRIM(FLATTEN(SPLIT( REGEXREPLACE( SUBSTITUTE(TEXTJOIN("","", TRUE, IFERROR(ARRAYFORMULA(VLOOKUP(TRIM(SPLIT('Final Report'!A76, "","")), 'URL Details'!A:D, 4, F"&"ALSE)),"""") ), CHAR(10), "",""), ""\s*,\s*"", "",""), "",""))), TRIM(FLATTEN(SPLIT( REGEXREPLACE( SUBSTITUTE(TEXTJOIN("","", TRUE, IFERROR(ARRAYFORMULA(VLOOKUP(TRIM(SPLIT('Final Report'!A76, "","")), 'URL Details'!A:D, 4, FALSE)),"""") ), CHAR(10), "","""&"), ""\s*,\s*"", "",""), "","")))<>"""" ) ) ) ),"""") "),"") | F76: FALSE | G76: =IF(F76=True, IFERROR(VLOOKUP(D76, Repository!A:B, 2, 0), ""), "") | J76: =IF(F76=True, IFERROR(VLOOKUP(D76, Repository!A:C, 3, 0), ""), "") | L76: =IF(F76=True, IFERROR(VLOOKUP(D76, Repository!A:E, 5, 0), ""), "") | N76: =IF(F76=True, IFERROR(VLOOKUP(D76, Repository!A:G, 7, 0), ""), "") | O76: =IFERROR(__xludf.DUMMYFUNCTION("ARRAY_CONSTRAIN( ARRAYFORMULA( IFERROR( LET( list, N76, arr, TRIM(SPLIT(list, "","")), names, XLOOKUP( arr, 'Conformance Score'!A:A, 'Conformance Score'!B:B, ""Not found"" "&" ), TEXTJOIN("", "", TRUE, names) ), """" ) ), 1, 1 ) "),"") | P76: =IF(F76="Yes", IFERROR(VLOOKUP(D76, Repository!A:F, 6, 0), ""), "") | Q76: =IF(F76="Yes", IFERROR(VLOOKUP(D76, Repository!A:I, 8, 0), ""), "") | R76: =IF(F76="Yes", IFERROR(VLOOKUP(D76, Repository!A:J, 9, 0), ""), "") | AI76: =IF(L76="","", IF(L76="Blocker",1, IF(L76="Critical",2, IF(L76="Major",3, IF(L76="Minor",4,""))))) | AJ76: =IF(P76="","", IF(P76="A",1, IF(P76="AA",2, IF(P76="AAA",3,""))))
B77: =IFERROR(__xludf.DUMMYFUNCTION("ARRAY_CONSTRAIN( ARRAYFORMULA( IF( 'Final Report'!A77="""", """", TEXTJOIN( "", "" & CHAR(10), TRUE, IFERROR( VLOOKUP( TRIM( SPLIT('Final Report'!A77, "","") )"&", 'URL Details'!A:B, 2, FALSE ), """" ) ) ) ), 1, 1 ) "),"") | C77: =IFERROR(__xludf.DUMMYFUNCTION("IFERROR(IF('Final Report'!A77="""","""", TEXTJOIN(CHAR(10), TRUE, ARRAYFORMULA( ""• ""& FILTER( TRIM(FLATTEN(SPLIT( REGEXREPLACE( SUBSTITUTE(TEXTJOIN("","", TRUE, IFERROR(ARRAYFORMULA(VLOOKUP(TRIM(SPLIT('Final Report'!A77, "","")), 'URL Details'!A:D, 4, F"&"ALSE)),"""") ), CHAR(10), "",""), ""\s*,\s*"", "",""), "",""))), TRIM(FLATTEN(SPLIT( REGEXREPLACE( SUBSTITUTE(TEXTJOIN("","", TRUE, IFERROR(ARRAYFORMULA(VLOOKUP(TRIM(SPLIT('Final Report'!A77, "","")), 'URL Details'!A:D, 4, FALSE)),"""") ), CHAR(10), "","""&"), ""\s*,\s*"", "",""), "","")))<>"""" ) ) ) ),"""") "),"") | F77: FALSE | G77: =IF(F77=True, IFERROR(VLOOKUP(D77, Repository!A:B, 2, 0), ""), "") | J77: =IF(F77=True, IFERROR(VLOOKUP(D77, Repository!A:C, 3, 0), ""), "") | L77: =IF(F77=True, IFERROR(VLOOKUP(D77, Repository!A:E, 5, 0), ""), "") | N77: =IF(F77=True, IFERROR(VLOOKUP(D77, Repository!A:G, 7, 0), ""), "") | O77: =IFERROR(__xludf.DUMMYFUNCTION("ARRAY_CONSTRAIN( ARRAYFORMULA( IFERROR( LET( list, N77, arr, TRIM(SPLIT(list, "","")), names, XLOOKUP( arr, 'Conformance Score'!A:A, 'Conformance Score'!B:B, ""Not found"" "&" ), TEXTJOIN("", "", TRUE, names) ), """" ) ), 1, 1 ) "),"") | P77: =IF(F77="Yes", IFERROR(VLOOKUP(D77, Repository!A:F, 6, 0), ""), "") | Q77: =IF(F77="Yes", IFERROR(VLOOKUP(D77, Repository!A:I, 8, 0), ""), "") | R77: =IF(F77="Yes", IFERROR(VLOOKUP(D77, Repository!A:J, 9, 0), ""), "") | AI77: =IF(L77="","", IF(L77="Blocker",1, IF(L77="Critical",2, IF(L77="Major",3, IF(L77="Minor",4,""))))) | AJ77: =IF(P77="","", IF(P77="A",1, IF(P77="AA",2, IF(P77="AAA",3,""))))
B78: =IFERROR(__xludf.DUMMYFUNCTION("ARRAY_CONSTRAIN( ARRAYFORMULA( IF( 'Final Report'!A78="""", """", TEXTJOIN( "", "" & CHAR(10), TRUE, IFERROR( VLOOKUP( TRIM( SPLIT('Final Report'!A78, "","") )"&", 'URL Details'!A:B, 2, FALSE ), """" ) ) ) ), 1, 1 ) "),"") | C78: =IFERROR(__xludf.DUMMYFUNCTION("IFERROR(IF('Final Report'!A78="""","""", TEXTJOIN(CHAR(10), TRUE, ARRAYFORMULA( ""• ""& FILTER( TRIM(FLATTEN(SPLIT( REGEXREPLACE( SUBSTITUTE(TEXTJOIN("","", TRUE, IFERROR(ARRAYFORMULA(VLOOKUP(TRIM(SPLIT('Final Report'!A78, "","")), 'URL Details'!A:D, 4, F"&"ALSE)),"""") ), CHAR(10), "",""), ""\s*,\s*"", "",""), "",""))), TRIM(FLATTEN(SPLIT( REGEXREPLACE( SUBSTITUTE(TEXTJOIN("","", TRUE, IFERROR(ARRAYFORMULA(VLOOKUP(TRIM(SPLIT('Final Report'!A78, "","")), 'URL Details'!A:D, 4, FALSE)),"""") ), CHAR(10), "","""&"), ""\s*,\s*"", "",""), "","")))<>"""" ) ) ) ),"""") "),"") | F78: FALSE | G78: =IF(F78=True, IFERROR(VLOOKUP(D78, Repository!A:B, 2, 0), ""), "") | J78: =IF(F78=True, IFERROR(VLOOKUP(D78, Repository!A:C, 3, 0), ""), "") | L78: =IF(F78=True, IFERROR(VLOOKUP(D78, Repository!A:E, 5, 0), ""), "") | N78: =IF(F78=True, IFERROR(VLOOKUP(D78, Repository!A:G, 7, 0), ""), "") | O78: =IFERROR(__xludf.DUMMYFUNCTION("ARRAY_CONSTRAIN( ARRAYFORMULA( IFERROR( LET( list, N78, arr, TRIM(SPLIT(list, "","")), names, XLOOKUP( arr, 'Conformance Score'!A:A, 'Conformance Score'!B:B, ""Not found"" "&" ), TEXTJOIN("", "", TRUE, names) ), """" ) ), 1, 1 ) "),"") | P78: =IF(F78="Yes", IFERROR(VLOOKUP(D78, Repository!A:F, 6, 0), ""), "") | Q78: =IF(F78="Yes", IFERROR(VLOOKUP(D78, Repository!A:I, 8, 0), ""), "") | R78: =IF(F78="Yes", IFERROR(VLOOKUP(D78, Repository!A:J, 9, 0), ""), "") | AI78: =IF(L78="","", IF(L78="Blocker",1, IF(L78="Critical",2, IF(L78="Major",3, IF(L78="Minor",4,""))))) | AJ78: =IF(P78="","", IF(P78="A",1, IF(P78="AA",2, IF(P78="AAA",3,""))))
B79: =IFERROR(__xludf.DUMMYFUNCTION("ARRAY_CONSTRAIN( ARRAYFORMULA( IF( 'Final Report'!A79="""", """", TEXTJOIN( "", "" & CHAR(10), TRUE, IFERROR( VLOOKUP( TRIM( SPLIT('Final Report'!A79, "","") )"&", 'URL Details'!A:B, 2, FALSE ), """" ) ) ) ), 1, 1 ) "),"") | C79: =IFERROR(__xludf.DUMMYFUNCTION("IFERROR(IF('Final Report'!A79="""","""", TEXTJOIN(CHAR(10), TRUE, ARRAYFORMULA( ""• ""& FILTER( TRIM(FLATTEN(SPLIT( REGEXREPLACE( SUBSTITUTE(TEXTJOIN("","", TRUE, IFERROR(ARRAYFORMULA(VLOOKUP(TRIM(SPLIT('Final Report'!A79, "","")), 'URL Details'!A:D, 4, F"&"ALSE)),"""") ), CHAR(10), "",""), ""\s*,\s*"", "",""), "",""))), TRIM(FLATTEN(SPLIT( REGEXREPLACE( SUBSTITUTE(TEXTJOIN("","", TRUE, IFERROR(ARRAYFORMULA(VLOOKUP(TRIM(SPLIT('Final Report'!A79, "","")), 'URL Details'!A:D, 4, FALSE)),"""") ), CHAR(10), "","""&"), ""\s*,\s*"", "",""), "","")))<>"""" ) ) ) ),"""") "),"") | F79: FALSE | G79: =IF(F79=True, IFERROR(VLOOKUP(D79, Repository!A:B, 2, 0), ""), "") | J79: =IF(F79=True, IFERROR(VLOOKUP(D79, Repository!A:C, 3, 0), ""), "") | L79: =IF(F79=True, IFERROR(VLOOKUP(D79, Repository!A:E, 5, 0), ""), "") | N79: =IF(F79=True, IFERROR(VLOOKUP(D79, Repository!A:G, 7, 0), ""), "") | O79: =IFERROR(__xludf.DUMMYFUNCTION("ARRAY_CONSTRAIN( ARRAYFORMULA( IFERROR( LET( list, N79, arr, TRIM(SPLIT(list, "","")), names, XLOOKUP( arr, 'Conformance Score'!A:A, 'Conformance Score'!B:B, ""Not found"" "&" ), TEXTJOIN("", "", TRUE, names) ), """" ) ), 1, 1 ) "),"") | P79: =IF(F79="Yes", IFERROR(VLOOKUP(D79, Repository!A:F, 6, 0), ""), "") | Q79: =IF(F79="Yes", IFERROR(VLOOKUP(D79, Repository!A:I, 8, 0), ""), "") | R79: =IF(F79="Yes", IFERROR(VLOOKUP(D79, Repository!A:J, 9, 0), ""), "") | AI79: =IF(L79="","", IF(L79="Blocker",1, IF(L79="Critical",2, IF(L79="Major",3, IF(L79="Minor",4,""))))) | AJ79: =IF(P79="","", IF(P79="A",1, IF(P79="AA",2, IF(P79="AAA",3,""))))
B80: =IFERROR(__xludf.DUMMYFUNCTION("ARRAY_CONSTRAIN( ARRAYFORMULA( IF( 'Final Report'!A80="""", """", TEXTJOIN( "", "" & CHAR(10), TRUE, IFERROR( VLOOKUP( TRIM( SPLIT('Final Report'!A80, "","") )"&", 'URL Details'!A:B, 2, FALSE ), """" ) ) ) ), 1, 1 ) "),"") | C80: =IFERROR(__xludf.DUMMYFUNCTION("IFERROR(IF('Final Report'!A80="""","""", TEXTJOIN(CHAR(10), TRUE, ARRAYFORMULA( ""• ""& FILTER( TRIM(FLATTEN(SPLIT( REGEXREPLACE( SUBSTITUTE(TEXTJOIN("","", TRUE, IFERROR(ARRAYFORMULA(VLOOKUP(TRIM(SPLIT('Final Report'!A80, "","")), 'URL Details'!A:D, 4, F"&"ALSE)),"""") ), CHAR(10), "",""), ""\s*,\s*"", "",""), "",""))), TRIM(FLATTEN(SPLIT( REGEXREPLACE( SUBSTITUTE(TEXTJOIN("","", TRUE, IFERROR(ARRAYFORMULA(VLOOKUP(TRIM(SPLIT('Final Report'!A80, "","")), 'URL Details'!A:D, 4, FALSE)),"""") ), CHAR(10), "","""&"), ""\s*,\s*"", "",""), "","")))<>"""" ) ) ) ),"""") "),"") | F80: FALSE | G80: =IF(F80=True, IFERROR(VLOOKUP(D80, Repository!A:B, 2, 0), ""), "") | J80: =IF(F80=True, IFERROR(VLOOKUP(D80, Repository!A:C, 3, 0), ""), "") | L80: =IF(F80=True, IFERROR(VLOOKUP(D80, Repository!A:E, 5, 0), ""), "") | N80: =IF(F80=True, IFERROR(VLOOKUP(D80, Repository!A:G, 7, 0), ""), "") | O80: =IFERROR(__xludf.DUMMYFUNCTION("ARRAY_CONSTRAIN( ARRAYFORMULA( IFERROR( LET( list, N80, arr, TRIM(SPLIT(list, "","")), names, XLOOKUP( arr, 'Conformance Score'!A:A, 'Conformance Score'!B:B, ""Not found"" "&" ), TEXTJOIN("", "", TRUE, names) ), """" ) ), 1, 1 ) "),"") | P80: =IF(F80="Yes", IFERROR(VLOOKUP(D80, Repository!A:F, 6, 0), ""), "") | Q80: =IF(F80="Yes", IFERROR(VLOOKUP(D80, Repository!A:I, 8, 0), ""), "") | R80: =IF(F80="Yes", IFERROR(VLOOKUP(D80, Repository!A:J, 9, 0), ""), "") | AI80: =IF(L80="","", IF(L80="Blocker",1, IF(L80="Critical",2, IF(L80="Major",3, IF(L80="Minor",4,""))))) | AJ80: =IF(P80="","", IF(P80="A",1, IF(P80="AA",2, IF(P80="AAA",3,""))))
B81: =IFERROR(__xludf.DUMMYFUNCTION("ARRAY_CONSTRAIN( ARRAYFORMULA( IF( 'Final Report'!A81="""", """", TEXTJOIN( "", "" & CHAR(10), TRUE, IFERROR( VLOOKUP( TRIM( SPLIT('Final Report'!A81, "","") )"&", 'URL Details'!A:B, 2, FALSE ), """" ) ) ) ), 1, 1 ) "),"") | C81: =IFERROR(__xludf.DUMMYFUNCTION("IFERROR(IF('Final Report'!A81="""","""", TEXTJOIN(CHAR(10), TRUE, ARRAYFORMULA( ""• ""& FILTER( TRIM(FLATTEN(SPLIT( REGEXREPLACE( SUBSTITUTE(TEXTJOIN("","", TRUE, IFERROR(ARRAYFORMULA(VLOOKUP(TRIM(SPLIT('Final Report'!A81, "","")), 'URL Details'!A:D, 4, F"&"ALSE)),"""") ), CHAR(10), "",""), ""\s*,\s*"", "",""), "",""))), TRIM(FLATTEN(SPLIT( REGEXREPLACE( SUBSTITUTE(TEXTJOIN("","", TRUE, IFERROR(ARRAYFORMULA(VLOOKUP(TRIM(SPLIT('Final Report'!A81, "","")), 'URL Details'!A:D, 4, FALSE)),"""") ), CHAR(10), "","""&"), ""\s*,\s*"", "",""), "","")))<>"""" ) ) ) ),"""") "),"") | F81: FALSE | G81: =IF(F81=True, IFERROR(VLOOKUP(D81, Repository!A:B, 2, 0), ""), "") | J81: =IF(F81=True, IFERROR(VLOOKUP(D81, Repository!A:C, 3, 0), ""), "") | L81: =IF(F81=True, IFERROR(VLOOKUP(D81, Repository!A:E, 5, 0), ""), "") | N81: =IF(F81=True, IFERROR(VLOOKUP(D81, Repository!A:G, 7, 0), ""), "") | O81: =IFERROR(__xludf.DUMMYFUNCTION("ARRAY_CONSTRAIN( ARRAYFORMULA( IFERROR( LET( list, N81, arr, TRIM(SPLIT(list, "","")), names, XLOOKUP( arr, 'Conformance Score'!A:A, 'Conformance Score'!B:B, ""Not found"" "&" ), TEXTJOIN("", "", TRUE, names) ), """" ) ), 1, 1 ) "),"") | P81: =IF(F81="Yes", IFERROR(VLOOKUP(D81, Repository!A:F, 6, 0), ""), "") | Q81: =IF(F81="Yes", IFERROR(VLOOKUP(D81, Repository!A:I, 8, 0), ""), "") | R81: =IF(F81="Yes", IFERROR(VLOOKUP(D81, Repository!A:J, 9, 0), ""), "") | AI81: =IF(L81="","", IF(L81="Blocker",1, IF(L81="Critical",2, IF(L81="Major",3, IF(L81="Minor",4,""))))) | AJ81: =IF(P81="","", IF(P81="A",1, IF(P81="AA",2, IF(P81="AAA",3,""))))
B82: =IFERROR(__xludf.DUMMYFUNCTION("ARRAY_CONSTRAIN( ARRAYFORMULA( IF( 'Final Report'!A82="""", """", TEXTJOIN( "", "" & CHAR(10), TRUE, IFERROR( VLOOKUP( TRIM( SPLIT('Final Report'!A82, "","") )"&", 'URL Details'!A:B, 2, FALSE ), """" ) ) ) ), 1, 1 ) "),"") | C82: =IFERROR(__xludf.DUMMYFUNCTION("IFERROR(IF('Final Report'!A82="""","""", TEXTJOIN(CHAR(10), TRUE, ARRAYFORMULA( ""• ""& FILTER( TRIM(FLATTEN(SPLIT( REGEXREPLACE( SUBSTITUTE(TEXTJOIN("","", TRUE, IFERROR(ARRAYFORMULA(VLOOKUP(TRIM(SPLIT('Final Report'!A82, "","")), 'URL Details'!A:D, 4, F"&"ALSE)),"""") ), CHAR(10), "",""), ""\s*,\s*"", "",""), "",""))), TRIM(FLATTEN(SPLIT( REGEXREPLACE( SUBSTITUTE(TEXTJOIN("","", TRUE, IFERROR(ARRAYFORMULA(VLOOKUP(TRIM(SPLIT('Final Report'!A82, "","")), 'URL Details'!A:D, 4, FALSE)),"""") ), CHAR(10), "","""&"), ""\s*,\s*"", "",""), "","")))<>"""" ) ) ) ),"""") "),"") | F82: FALSE | G82: =IF(F82=True, IFERROR(VLOOKUP(D82, Repository!A:B, 2, 0), ""), "") | J82: =IF(F82=True, IFERROR(VLOOKUP(D82, Repository!A:C, 3, 0), ""), "") | L82: =IF(F82=True, IFERROR(VLOOKUP(D82, Repository!A:E, 5, 0), ""), "") | N82: =IF(F82=True, IFERROR(VLOOKUP(D82, Repository!A:G, 7, 0), ""), "") | O82: =IFERROR(__xludf.DUMMYFUNCTION("ARRAY_CONSTRAIN( ARRAYFORMULA( IFERROR( LET( list, N82, arr, TRIM(SPLIT(list, "","")), names, XLOOKUP( arr, 'Conformance Score'!A:A, 'Conformance Score'!B:B, ""Not found"" "&" ), TEXTJOIN("", "", TRUE, names) ), """" ) ), 1, 1 ) "),"") | P82: =IF(F82="Yes", IFERROR(VLOOKUP(D82, Repository!A:F, 6, 0), ""), "") | Q82: =IF(F82="Yes", IFERROR(VLOOKUP(D82, Repository!A:I, 8, 0), ""), "") | R82: =IF(F82="Yes", IFERROR(VLOOKUP(D82, Repository!A:J, 9, 0), ""), "") | AI82: =IF(L82="","", IF(L82="Blocker",1, IF(L82="Critical",2, IF(L82="Major",3, IF(L82="Minor",4,""))))) | AJ82: =IF(P82="","", IF(P82="A",1, IF(P82="AA",2, IF(P82="AAA",3,""))))
B83: =IFERROR(__xludf.DUMMYFUNCTION("ARRAY_CONSTRAIN( ARRAYFORMULA( IF( 'Final Report'!A83="""", """", TEXTJOIN( "", "" & CHAR(10), TRUE, IFERROR( VLOOKUP( TRIM( SPLIT('Final Report'!A83, "","") )"&", 'URL Details'!A:B, 2, FALSE ), """" ) ) ) ), 1, 1 ) "),"") | C83: =IFERROR(__xludf.DUMMYFUNCTION("IFERROR(IF('Final Report'!A83="""","""", TEXTJOIN(CHAR(10), TRUE, ARRAYFORMULA( ""• ""& FILTER( TRIM(FLATTEN(SPLIT( REGEXREPLACE( SUBSTITUTE(TEXTJOIN("","", TRUE, IFERROR(ARRAYFORMULA(VLOOKUP(TRIM(SPLIT('Final Report'!A83, "","")), 'URL Details'!A:D, 4, F"&"ALSE)),"""") ), CHAR(10), "",""), ""\s*,\s*"", "",""), "",""))), TRIM(FLATTEN(SPLIT( REGEXREPLACE( SUBSTITUTE(TEXTJOIN("","", TRUE, IFERROR(ARRAYFORMULA(VLOOKUP(TRIM(SPLIT('Final Report'!A83, "","")), 'URL Details'!A:D, 4, FALSE)),"""") ), CHAR(10), "","""&"), ""\s*,\s*"", "",""), "","")))<>"""" ) ) ) ),"""") "),"") | F83: FALSE | G83: =IF(F83=True, IFERROR(VLOOKUP(D83, Repository!A:B, 2, 0), ""), "") | J83: =IF(F83=True, IFERROR(VLOOKUP(D83, Repository!A:C, 3, 0), ""), "") | L83: =IF(F83=True, IFERROR(VLOOKUP(D83, Repository!A:E, 5, 0), ""), "") | N83: =IF(F83=True, IFERROR(VLOOKUP(D83, Repository!A:G, 7, 0), ""), "") | O83: =IFERROR(__xludf.DUMMYFUNCTION("ARRAY_CONSTRAIN( ARRAYFORMULA( IFERROR( LET( list, N83, arr, TRIM(SPLIT(list, "","")), names, XLOOKUP( arr, 'Conformance Score'!A:A, 'Conformance Score'!B:B, ""Not found"" "&" ), TEXTJOIN("", "", TRUE, names) ), """" ) ), 1, 1 ) "),"") | P83: =IF(F83="Yes", IFERROR(VLOOKUP(D83, Repository!A:F, 6, 0), ""), "") | Q83: =IF(F83="Yes", IFERROR(VLOOKUP(D83, Repository!A:I, 8, 0), ""), "") | R83: =IF(F83="Yes", IFERROR(VLOOKUP(D83, Repository!A:J, 9, 0), ""), "") | AI83: =IF(L83="","", IF(L83="Blocker",1, IF(L83="Critical",2, IF(L83="Major",3, IF(L83="Minor",4,""))))) | AJ83: =IF(P83="","", IF(P83="A",1, IF(P83="AA",2, IF(P83="AAA",3,""))))
B84: =IFERROR(__xludf.DUMMYFUNCTION("ARRAY_CONSTRAIN( ARRAYFORMULA( IF( 'Final Report'!A84="""", """", TEXTJOIN( "", "" & CHAR(10), TRUE, IFERROR( VLOOKUP( TRIM( SPLIT('Final Report'!A84, "","") )"&", 'URL Details'!A:B, 2, FALSE ), """" ) ) ) ), 1, 1 ) "),"") | C84: =IFERROR(__xludf.DUMMYFUNCTION("IFERROR(IF('Final Report'!A84="""","""", TEXTJOIN(CHAR(10), TRUE, ARRAYFORMULA( ""• ""& FILTER( TRIM(FLATTEN(SPLIT( REGEXREPLACE( SUBSTITUTE(TEXTJOIN("","", TRUE, IFERROR(ARRAYFORMULA(VLOOKUP(TRIM(SPLIT('Final Report'!A84, "","")), 'URL Details'!A:D, 4, F"&"ALSE)),"""") ), CHAR(10), "",""), ""\s*,\s*"", "",""), "",""))), TRIM(FLATTEN(SPLIT( REGEXREPLACE( SUBSTITUTE(TEXTJOIN("","", TRUE, IFERROR(ARRAYFORMULA(VLOOKUP(TRIM(SPLIT('Final Report'!A84, "","")), 'URL Details'!A:D, 4, FALSE)),"""") ), CHAR(10), "","""&"), ""\s*,\s*"", "",""), "","")))<>"""" ) ) ) ),"""") "),"") | F84: FALSE | G84: =IF(F84=True, IFERROR(VLOOKUP(D84, Repository!A:B, 2, 0), ""), "") | J84: =IF(F84=True, IFERROR(VLOOKUP(D84, Repository!A:C, 3, 0), ""), "") | L84: =IF(F84=True, IFERROR(VLOOKUP(D84, Repository!A:E, 5, 0), ""), "") | N84: =IF(F84=True, IFERROR(VLOOKUP(D84, Repository!A:G, 7, 0), ""), "") | O84: =IFERROR(__xludf.DUMMYFUNCTION("ARRAY_CONSTRAIN( ARRAYFORMULA( IFERROR( LET( list, N84, arr, TRIM(SPLIT(list, "","")), names, XLOOKUP( arr, 'Conformance Score'!A:A, 'Conformance Score'!B:B, ""Not found"" "&" ), TEXTJOIN("", "", TRUE, names) ), """" ) ), 1, 1 ) "),"") | P84: =IF(F84="Yes", IFERROR(VLOOKUP(D84, Repository!A:F, 6, 0), ""), "") | Q84: =IF(F84="Yes", IFERROR(VLOOKUP(D84, Repository!A:I, 8, 0), ""), "") | R84: =IF(F84="Yes", IFERROR(VLOOKUP(D84, Repository!A:J, 9, 0), ""), "") | AI84: =IF(L84="","", IF(L84="Blocker",1, IF(L84="Critical",2, IF(L84="Major",3, IF(L84="Minor",4,""))))) | AJ84: =IF(P84="","", IF(P84="A",1, IF(P84="AA",2, IF(P84="AAA",3,""))))
B85: =IFERROR(__xludf.DUMMYFUNCTION("ARRAY_CONSTRAIN( ARRAYFORMULA( IF( 'Final Report'!A85="""", """", TEXTJOIN( "", "" & CHAR(10), TRUE, IFERROR( VLOOKUP( TRIM( SPLIT('Final Report'!A85, "","") )"&", 'URL Details'!A:B, 2, FALSE ), """" ) ) ) ), 1, 1 ) "),"") | C85: =IFERROR(__xludf.DUMMYFUNCTION("IFERROR(IF('Final Report'!A85="""","""", TEXTJOIN(CHAR(10), TRUE, ARRAYFORMULA( ""• ""& FILTER( TRIM(FLATTEN(SPLIT( REGEXREPLACE( SUBSTITUTE(TEXTJOIN("","", TRUE, IFERROR(ARRAYFORMULA(VLOOKUP(TRIM(SPLIT('Final Report'!A85, "","")), 'URL Details'!A:D, 4, F"&"ALSE)),"""") ), CHAR(10), "",""), ""\s*,\s*"", "",""), "",""))), TRIM(FLATTEN(SPLIT( REGEXREPLACE( SUBSTITUTE(TEXTJOIN("","", TRUE, IFERROR(ARRAYFORMULA(VLOOKUP(TRIM(SPLIT('Final Report'!A85, "","")), 'URL Details'!A:D, 4, FALSE)),"""") ), CHAR(10), "","""&"), ""\s*,\s*"", "",""), "","")))<>"""" ) ) ) ),"""") "),"") | F85: FALSE | G85: =IF(F85=True, IFERROR(VLOOKUP(D85, Repository!A:B, 2, 0), ""), "") | J85: =IF(F85=True, IFERROR(VLOOKUP(D85, Repository!A:C, 3, 0), ""), "") | L85: =IF(F85=True, IFERROR(VLOOKUP(D85, Repository!A:E, 5, 0), ""), "") | N85: =IF(F85=True, IFERROR(VLOOKUP(D85, Repository!A:G, 7, 0), ""), "") | O85: =IFERROR(__xludf.DUMMYFUNCTION("ARRAY_CONSTRAIN( ARRAYFORMULA( IFERROR( LET( list, N85, arr, TRIM(SPLIT(list, "","")), names, XLOOKUP( arr, 'Conformance Score'!A:A, 'Conformance Score'!B:B, ""Not found"" "&" ), TEXTJOIN("", "", TRUE, names) ), """" ) ), 1, 1 ) "),"") | P85: =IF(F85="Yes", IFERROR(VLOOKUP(D85, Repository!A:F, 6, 0), ""), "") | Q85: =IF(F85="Yes", IFERROR(VLOOKUP(D85, Repository!A:I, 8, 0), ""), "") | R85: =IF(F85="Yes", IFERROR(VLOOKUP(D85, Repository!A:J, 9, 0), ""), "") | AI85: =IF(L85="","", IF(L85="Blocker",1, IF(L85="Critical",2, IF(L85="Major",3, IF(L85="Minor",4,""))))) | AJ85: =IF(P85="","", IF(P85="A",1, IF(P85="AA",2, IF(P85="AAA",3,""))))
B86: =IFERROR(__xludf.DUMMYFUNCTION("ARRAY_CONSTRAIN( ARRAYFORMULA( IF( 'Final Report'!A86="""", """", TEXTJOIN( "", "" & CHAR(10), TRUE, IFERROR( VLOOKUP( TRIM( SPLIT('Final Report'!A86, "","") )"&", 'URL Details'!A:B, 2, FALSE ), """" ) ) ) ), 1, 1 ) "),"") | C86: =IFERROR(__xludf.DUMMYFUNCTION("IFERROR(IF('Final Report'!A86="""","""", TEXTJOIN(CHAR(10), TRUE, ARRAYFORMULA( ""• ""& FILTER( TRIM(FLATTEN(SPLIT( REGEXREPLACE( SUBSTITUTE(TEXTJOIN("","", TRUE, IFERROR(ARRAYFORMULA(VLOOKUP(TRIM(SPLIT('Final Report'!A86, "","")), 'URL Details'!A:D, 4, F"&"ALSE)),"""") ), CHAR(10), "",""), ""\s*,\s*"", "",""), "",""))), TRIM(FLATTEN(SPLIT( REGEXREPLACE( SUBSTITUTE(TEXTJOIN("","", TRUE, IFERROR(ARRAYFORMULA(VLOOKUP(TRIM(SPLIT('Final Report'!A86, "","")), 'URL Details'!A:D, 4, FALSE)),"""") ), CHAR(10), "","""&"), ""\s*,\s*"", "",""), "","")))<>"""" ) ) ) ),"""") "),"") | F86: FALSE | G86: =IF(F86=True, IFERROR(VLOOKUP(D86, Repository!A:B, 2, 0), ""), "") | J86: =IF(F86=True, IFERROR(VLOOKUP(D86, Repository!A:C, 3, 0), ""), "") | L86: =IF(F86=True, IFERROR(VLOOKUP(D86, Repository!A:E, 5, 0), ""), "") | N86: =IF(F86=True, IFERROR(VLOOKUP(D86, Repository!A:G, 7, 0), ""), "") | O86: =IFERROR(__xludf.DUMMYFUNCTION("ARRAY_CONSTRAIN( ARRAYFORMULA( IFERROR( LET( list, N86, arr, TRIM(SPLIT(list, "","")), names, XLOOKUP( arr, 'Conformance Score'!A:A, 'Conformance Score'!B:B, ""Not found"" "&" ), TEXTJOIN("", "", TRUE, names) ), """" ) ), 1, 1 ) "),"") | P86: =IF(F86="Yes", IFERROR(VLOOKUP(D86, Repository!A:F, 6, 0), ""), "") | Q86: =IF(F86="Yes", IFERROR(VLOOKUP(D86, Repository!A:I, 8, 0), ""), "") | R86: =IF(F86="Yes", IFERROR(VLOOKUP(D86, Repository!A:J, 9, 0), ""), "") | AI86: =IF(L86="","", IF(L86="Blocker",1, IF(L86="Critical",2, IF(L86="Major",3, IF(L86="Minor",4,""))))) | AJ86: =IF(P86="","", IF(P86="A",1, IF(P86="AA",2, IF(P86="AAA",3,""))))
B87: =IFERROR(__xludf.DUMMYFUNCTION("ARRAY_CONSTRAIN( ARRAYFORMULA( IF( 'Final Report'!A87="""", """", TEXTJOIN( "", "" & CHAR(10), TRUE, IFERROR( VLOOKUP( TRIM( SPLIT('Final Report'!A87, "","") )"&", 'URL Details'!A:B, 2, FALSE ), """" ) ) ) ), 1, 1 ) "),"") | C87: =IFERROR(__xludf.DUMMYFUNCTION("IFERROR(IF('Final Report'!A87="""","""", TEXTJOIN(CHAR(10), TRUE, ARRAYFORMULA( ""• ""& FILTER( TRIM(FLATTEN(SPLIT( REGEXREPLACE( SUBSTITUTE(TEXTJOIN("","", TRUE, IFERROR(ARRAYFORMULA(VLOOKUP(TRIM(SPLIT('Final Report'!A87, "","")), 'URL Details'!A:D, 4, F"&"ALSE)),"""") ), CHAR(10), "",""), ""\s*,\s*"", "",""), "",""))), TRIM(FLATTEN(SPLIT( REGEXREPLACE( SUBSTITUTE(TEXTJOIN("","", TRUE, IFERROR(ARRAYFORMULA(VLOOKUP(TRIM(SPLIT('Final Report'!A87, "","")), 'URL Details'!A:D, 4, FALSE)),"""") ), CHAR(10), "","""&"), ""\s*,\s*"", "",""), "","")))<>"""" ) ) ) ),"""") "),"") | F87: FALSE | G87: =IF(F87=True, IFERROR(VLOOKUP(D87, Repository!A:B, 2, 0), ""), "") | J87: =IF(F87=True, IFERROR(VLOOKUP(D87, Repository!A:C, 3, 0), ""), "") | L87: =IF(F87=True, IFERROR(VLOOKUP(D87, Repository!A:E, 5, 0), ""), "") | N87: =IF(F87=True, IFERROR(VLOOKUP(D87, Repository!A:G, 7, 0), ""), "") | O87: =IFERROR(__xludf.DUMMYFUNCTION("ARRAY_CONSTRAIN( ARRAYFORMULA( IFERROR( LET( list, N87, arr, TRIM(SPLIT(list, "","")), names, XLOOKUP( arr, 'Conformance Score'!A:A, 'Conformance Score'!B:B, ""Not found"" "&" ), TEXTJOIN("", "", TRUE, names) ), """" ) ), 1, 1 ) "),"") | P87: =IF(F87="Yes", IFERROR(VLOOKUP(D87, Repository!A:F, 6, 0), ""), "") | Q87: =IF(F87="Yes", IFERROR(VLOOKUP(D87, Repository!A:I, 8, 0), ""), "") | R87: =IF(F87="Yes", IFERROR(VLOOKUP(D87, Repository!A:J, 9, 0), ""), "") | AI87: =IF(L87="","", IF(L87="Blocker",1, IF(L87="Critical",2, IF(L87="Major",3, IF(L87="Minor",4,""))))) | AJ87: =IF(P87="","", IF(P87="A",1, IF(P87="AA",2, IF(P87="AAA",3,""))))
B88: =IFERROR(__xludf.DUMMYFUNCTION("ARRAY_CONSTRAIN( ARRAYFORMULA( IF( 'Final Report'!A88="""", """", TEXTJOIN( "", "" & CHAR(10), TRUE, IFERROR( VLOOKUP( TRIM( SPLIT('Final Report'!A88, "","") )"&", 'URL Details'!A:B, 2, FALSE ), """" ) ) ) ), 1, 1 ) "),"") | C88: =IFERROR(__xludf.DUMMYFUNCTION("IFERROR(IF('Final Report'!A88="""","""", TEXTJOIN(CHAR(10), TRUE, ARRAYFORMULA( ""• ""& FILTER( TRIM(FLATTEN(SPLIT( REGEXREPLACE( SUBSTITUTE(TEXTJOIN("","", TRUE, IFERROR(ARRAYFORMULA(VLOOKUP(TRIM(SPLIT('Final Report'!A88, "","")), 'URL Details'!A:D, 4, F"&"ALSE)),"""") ), CHAR(10), "",""), ""\s*,\s*"", "",""), "",""))), TRIM(FLATTEN(SPLIT( REGEXREPLACE( SUBSTITUTE(TEXTJOIN("","", TRUE, IFERROR(ARRAYFORMULA(VLOOKUP(TRIM(SPLIT('Final Report'!A88, "","")), 'URL Details'!A:D, 4, FALSE)),"""") ), CHAR(10), "","""&"), ""\s*,\s*"", "",""), "","")))<>"""" ) ) ) ),"""") "),"") | F88: FALSE | G88: =IF(F88=True, IFERROR(VLOOKUP(D88, Repository!A:B, 2, 0), ""), "") | J88: =IF(F88=True, IFERROR(VLOOKUP(D88, Repository!A:C, 3, 0), ""), "") | L88: =IF(F88=True, IFERROR(VLOOKUP(D88, Repository!A:E, 5, 0), ""), "") | N88: =IF(F88=True, IFERROR(VLOOKUP(D88, Repository!A:G, 7, 0), ""), "") | O88: =IFERROR(__xludf.DUMMYFUNCTION("ARRAY_CONSTRAIN( ARRAYFORMULA( IFERROR( LET( list, N88, arr, TRIM(SPLIT(list, "","")), names, XLOOKUP( arr, 'Conformance Score'!A:A, 'Conformance Score'!B:B, ""Not found"" "&" ), TEXTJOIN("", "", TRUE, names) ), """" ) ), 1, 1 ) "),"") | P88: =IF(F88="Yes", IFERROR(VLOOKUP(D88, Repository!A:F, 6, 0), ""), "") | Q88: =IF(F88="Yes", IFERROR(VLOOKUP(D88, Repository!A:I, 8, 0), ""), "") | R88: =IF(F88="Yes", IFERROR(VLOOKUP(D88, Repository!A:J, 9, 0), ""), "") | AI88: =IF(L88="","", IF(L88="Blocker",1, IF(L88="Critical",2, IF(L88="Major",3, IF(L88="Minor",4,""))))) | AJ88: =IF(P88="","", IF(P88="A",1, IF(P88="AA",2, IF(P88="AAA",3,""))))
B89: =IFERROR(__xludf.DUMMYFUNCTION("ARRAY_CONSTRAIN( ARRAYFORMULA( IF( 'Final Report'!A89="""", """", TEXTJOIN( "", "" & CHAR(10), TRUE, IFERROR( VLOOKUP( TRIM( SPLIT('Final Report'!A89, "","") )"&", 'URL Details'!A:B, 2, FALSE ), """" ) ) ) ), 1, 1 ) "),"") | C89: =IFERROR(__xludf.DUMMYFUNCTION("IFERROR(IF('Final Report'!A89="""","""", TEXTJOIN(CHAR(10), TRUE, ARRAYFORMULA( ""• ""& FILTER( TRIM(FLATTEN(SPLIT( REGEXREPLACE( SUBSTITUTE(TEXTJOIN("","", TRUE, IFERROR(ARRAYFORMULA(VLOOKUP(TRIM(SPLIT('Final Report'!A89, "","")), 'URL Details'!A:D, 4, F"&"ALSE)),"""") ), CHAR(10), "",""), ""\s*,\s*"", "",""), "",""))), TRIM(FLATTEN(SPLIT( REGEXREPLACE( SUBSTITUTE(TEXTJOIN("","", TRUE, IFERROR(ARRAYFORMULA(VLOOKUP(TRIM(SPLIT('Final Report'!A89, "","")), 'URL Details'!A:D, 4, FALSE)),"""") ), CHAR(10), "","""&"), ""\s*,\s*"", "",""), "","")))<>"""" ) ) ) ),"""") "),"") | F89: FALSE | G89: =IF(F89=True, IFERROR(VLOOKUP(D89, Repository!A:B, 2, 0), ""), "") | J89: =IF(F89=True, IFERROR(VLOOKUP(D89, Repository!A:C, 3, 0), ""), "") | L89: =IF(F89=True, IFERROR(VLOOKUP(D89, Repository!A:E, 5, 0), ""), "") | N89: =IF(F89=True, IFERROR(VLOOKUP(D89, Repository!A:G, 7, 0), ""), "") | O89: =IFERROR(__xludf.DUMMYFUNCTION("ARRAY_CONSTRAIN( ARRAYFORMULA( IFERROR( LET( list, N89, arr, TRIM(SPLIT(list, "","")), names, XLOOKUP( arr, 'Conformance Score'!A:A, 'Conformance Score'!B:B, ""Not found"" "&" ), TEXTJOIN("", "", TRUE, names) ), """" ) ), 1, 1 ) "),"") | P89: =IF(F89="Yes", IFERROR(VLOOKUP(D89, Repository!A:F, 6, 0), ""), "") | Q89: =IF(F89="Yes", IFERROR(VLOOKUP(D89, Repository!A:I, 8, 0), ""), "") | R89: =IF(F89="Yes", IFERROR(VLOOKUP(D89, Repository!A:J, 9, 0), ""), "") | AI89: =IF(L89="","", IF(L89="Blocker",1, IF(L89="Critical",2, IF(L89="Major",3, IF(L89="Minor",4,""))))) | AJ89: =IF(P89="","", IF(P89="A",1, IF(P89="AA",2, IF(P89="AAA",3,""))))
B90: =IFERROR(__xludf.DUMMYFUNCTION("ARRAY_CONSTRAIN( ARRAYFORMULA( IF( 'Final Report'!A90="""", """", TEXTJOIN( "", "" & CHAR(10), TRUE, IFERROR( VLOOKUP( TRIM( SPLIT('Final Report'!A90, "","") )"&", 'URL Details'!A:B, 2, FALSE ), """" ) ) ) ), 1, 1 ) "),"") | C90: =IFERROR(__xludf.DUMMYFUNCTION("IFERROR(IF('Final Report'!A90="""","""", TEXTJOIN(CHAR(10), TRUE, ARRAYFORMULA( ""• ""& FILTER( TRIM(FLATTEN(SPLIT( REGEXREPLACE( SUBSTITUTE(TEXTJOIN("","", TRUE, IFERROR(ARRAYFORMULA(VLOOKUP(TRIM(SPLIT('Final Report'!A90, "","")), 'URL Details'!A:D, 4, F"&"ALSE)),"""") ), CHAR(10), "",""), ""\s*,\s*"", "",""), "",""))), TRIM(FLATTEN(SPLIT( REGEXREPLACE( SUBSTITUTE(TEXTJOIN("","", TRUE, IFERROR(ARRAYFORMULA(VLOOKUP(TRIM(SPLIT('Final Report'!A90, "","")), 'URL Details'!A:D, 4, FALSE)),"""") ), CHAR(10), "","""&"), ""\s*,\s*"", "",""), "","")))<>"""" ) ) ) ),"""") "),"") | F90: FALSE | G90: =IF(F90=True, IFERROR(VLOOKUP(D90, Repository!A:B, 2, 0), ""), "") | J90: =IF(F90=True, IFERROR(VLOOKUP(D90, Repository!A:C, 3, 0), ""), "") | L90: =IF(F90=True, IFERROR(VLOOKUP(D90, Repository!A:E, 5, 0), ""), "") | N90: =IF(F90=True, IFERROR(VLOOKUP(D90, Repository!A:G, 7, 0), ""), "") | O90: =IFERROR(__xludf.DUMMYFUNCTION("ARRAY_CONSTRAIN( ARRAYFORMULA( IFERROR( LET( list, N90, arr, TRIM(SPLIT(list, "","")), names, XLOOKUP( arr, 'Conformance Score'!A:A, 'Conformance Score'!B:B, ""Not found"" "&" ), TEXTJOIN("", "", TRUE, names) ), """" ) ), 1, 1 ) "),"") | P90: =IF(F90="Yes", IFERROR(VLOOKUP(D90, Repository!A:F, 6, 0), ""), "") | Q90: =IF(F90="Yes", IFERROR(VLOOKUP(D90, Repository!A:I, 8, 0), ""), "") | R90: =IF(F90="Yes", IFERROR(VLOOKUP(D90, Repository!A:J, 9, 0), ""), "") | AI90: =IF(L90="","", IF(L90="Blocker",1, IF(L90="Critical",2, IF(L90="Major",3, IF(L90="Minor",4,""))))) | AJ90: =IF(P90="","", IF(P90="A",1, IF(P90="AA",2, IF(P90="AAA",3,""))))
B91: =IFERROR(__xludf.DUMMYFUNCTION("ARRAY_CONSTRAIN( ARRAYFORMULA( IF( 'Final Report'!A91="""", """", TEXTJOIN( "", "" & CHAR(10), TRUE, IFERROR( VLOOKUP( TRIM( SPLIT('Final Report'!A91, "","") )"&", 'URL Details'!A:B, 2, FALSE ), """" ) ) ) ), 1, 1 ) "),"") | C91: =IFERROR(__xludf.DUMMYFUNCTION("IFERROR(IF('Final Report'!A91="""","""", TEXTJOIN(CHAR(10), TRUE, ARRAYFORMULA( ""• ""& FILTER( TRIM(FLATTEN(SPLIT( REGEXREPLACE( SUBSTITUTE(TEXTJOIN("","", TRUE, IFERROR(ARRAYFORMULA(VLOOKUP(TRIM(SPLIT('Final Report'!A91, "","")), 'URL Details'!A:D, 4, F"&"ALSE)),"""") ), CHAR(10), "",""), ""\s*,\s*"", "",""), "",""))), TRIM(FLATTEN(SPLIT( REGEXREPLACE( SUBSTITUTE(TEXTJOIN("","", TRUE, IFERROR(ARRAYFORMULA(VLOOKUP(TRIM(SPLIT('Final Report'!A91, "","")), 'URL Details'!A:D, 4, FALSE)),"""") ), CHAR(10), "","""&"), ""\s*,\s*"", "",""), "","")))<>"""" ) ) ) ),"""") "),"") | F91: FALSE | G91: =IF(F91=True, IFERROR(VLOOKUP(D91, Repository!A:B, 2, 0), ""), "") | J91: =IF(F91=True, IFERROR(VLOOKUP(D91, Repository!A:C, 3, 0), ""), "") | L91: =IF(F91=True, IFERROR(VLOOKUP(D91, Repository!A:E, 5, 0), ""), "") | N91: =IF(F91=True, IFERROR(VLOOKUP(D91, Repository!A:G, 7, 0), ""), "") | O91: =IFERROR(__xludf.DUMMYFUNCTION("ARRAY_CONSTRAIN( ARRAYFORMULA( IFERROR( LET( list, N91, arr, TRIM(SPLIT(list, "","")), names, XLOOKUP( arr, 'Conformance Score'!A:A, 'Conformance Score'!B:B, ""Not found"" "&" ), TEXTJOIN("", "", TRUE, names) ), """" ) ), 1, 1 ) "),"") | P91: =IF(F91="Yes", IFERROR(VLOOKUP(D91, Repository!A:F, 6, 0), ""), "") | Q91: =IF(F91="Yes", IFERROR(VLOOKUP(D91, Repository!A:I, 8, 0), ""), "") | R91: =IF(F91="Yes", IFERROR(VLOOKUP(D91, Repository!A:J, 9, 0), ""), "") | AI91: =IF(L91="","", IF(L91="Blocker",1, IF(L91="Critical",2, IF(L91="Major",3, IF(L91="Minor",4,""))))) | AJ91: =IF(P91="","", IF(P91="A",1, IF(P91="AA",2, IF(P91="AAA",3,""))))
B92: =IFERROR(__xludf.DUMMYFUNCTION("ARRAY_CONSTRAIN( ARRAYFORMULA( IF( 'Final Report'!A92="""", """", TEXTJOIN( "", "" & CHAR(10), TRUE, IFERROR( VLOOKUP( TRIM( SPLIT('Final Report'!A92, "","") )"&", 'URL Details'!A:B, 2, FALSE ), """" ) ) ) ), 1, 1 ) "),"") | C92: =IFERROR(__xludf.DUMMYFUNCTION("IFERROR(IF('Final Report'!A92="""","""", TEXTJOIN(CHAR(10), TRUE, ARRAYFORMULA( ""• ""& FILTER( TRIM(FLATTEN(SPLIT( REGEXREPLACE( SUBSTITUTE(TEXTJOIN("","", TRUE, IFERROR(ARRAYFORMULA(VLOOKUP(TRIM(SPLIT('Final Report'!A92, "","")), 'URL Details'!A:D, 4, F"&"ALSE)),"""") ), CHAR(10), "",""), ""\s*,\s*"", "",""), "",""))), TRIM(FLATTEN(SPLIT( REGEXREPLACE( SUBSTITUTE(TEXTJOIN("","", TRUE, IFERROR(ARRAYFORMULA(VLOOKUP(TRIM(SPLIT('Final Report'!A92, "","")), 'URL Details'!A:D, 4, FALSE)),"""") ), CHAR(10), "","""&"), ""\s*,\s*"", "",""), "","")))<>"""" ) ) ) ),"""") "),"") | F92: FALSE | G92: =IF(F92=True, IFERROR(VLOOKUP(D92, Repository!A:B, 2, 0), ""), "") | J92: =IF(F92=True, IFERROR(VLOOKUP(D92, Repository!A:C, 3, 0), ""), "") | L92: =IF(F92=True, IFERROR(VLOOKUP(D92, Repository!A:E, 5, 0), ""), "") | N92: =IF(F92=True, IFERROR(VLOOKUP(D92, Repository!A:G, 7, 0), ""), "") | O92: =IFERROR(__xludf.DUMMYFUNCTION("ARRAY_CONSTRAIN( ARRAYFORMULA( IFERROR( LET( list, N92, arr, TRIM(SPLIT(list, "","")), names, XLOOKUP( arr, 'Conformance Score'!A:A, 'Conformance Score'!B:B, ""Not found"" "&" ), TEXTJOIN("", "", TRUE, names) ), """" ) ), 1, 1 ) "),"") | P92: =IF(F92="Yes", IFERROR(VLOOKUP(D92, Repository!A:F, 6, 0), ""), "") | Q92: =IF(F92="Yes", IFERROR(VLOOKUP(D92, Repository!A:I, 8, 0), ""), "") | R92: =IF(F92="Yes", IFERROR(VLOOKUP(D92, Repository!A:J, 9, 0), ""), "") | AI92: =IF(L92="","", IF(L92="Blocker",1, IF(L92="Critical",2, IF(L92="Major",3, IF(L92="Minor",4,""))))) | AJ92: =IF(P92="","", IF(P92="A",1, IF(P92="AA",2, IF(P92="AAA",3,""))))
